Week,Theme,Search_Volume
2020-09-06,Deer Valley,0
2020-09-13,Deer Valley,0
2020-09-20,Deer Valley,0
2020-09-27,Deer Valley,0
2020-10-04,Deer Valley,0
2020-10-11,Deer Valley,0
2020-10-18,Deer Valley,0
2020-10-25,Deer Valley,0
2020-11-01,Deer Valley,0
2020-11-08,Deer Valley,0
2020-11-15,Deer Valley,0
2020-11-22,Deer Valley,0
2020-11-29,Deer Valley,0
2020-12-06,Deer Valley,0
2020-12-13,Deer Valley,0
2020-12-20,Deer Valley,0
2020-12-27,Deer Valley,70
2021-01-03,Deer Valley,0
2021-01-10,Deer Valley,0
2021-01-17,Deer Valley,0
2021-01-24,Deer Valley,0
2021-01-31,Deer Valley,0
2021-02-07,Deer Valley,0
2021-02-14,Deer Valley,72
2021-02-21,Deer Valley,0
2021-02-28,Deer Valley,0
2021-03-07,Deer Valley,0
2021-03-14,Deer Valley,0
2021-03-21,Deer Valley,0
2021-03-28,Deer Valley,0
2021-04-04,Deer Valley,0
2021-04-11,Deer Valley,0
2021-04-18,Deer Valley,0
2021-04-25,Deer Valley,0
2021-05-02,Deer Valley,0
2021-05-09,Deer Valley,0
2021-05-16,Deer Valley,0
2021-05-23,Deer Valley,91
2021-05-30,Deer Valley,0
2021-06-06,Deer Valley,0
2021-06-13,Deer Valley,0
2021-06-20,Deer Valley,0
2021-06-27,Deer Valley,0
2021-07-04,Deer Valley,0
2021-07-11,Deer Valley,0
2021-07-18,Deer Valley,0
2021-07-25,Deer Valley,0
2021-08-01,Deer Valley,0
2021-08-08,Deer Valley,0
2021-08-15,Deer Valley,0
2021-08-22,Deer Valley,0
2021-08-29,Deer Valley,0
2021-09-05,Deer Valley,0
2021-09-12,Deer Valley,0
2021-09-19,Deer Valley,0
2021-09-26,Deer Valley,0
2021-10-03,Deer Valley,0
2021-10-10,Deer Valley,0
2021-10-17,Deer Valley,0
2021-10-24,Deer Valley,0
2021-10-31,Deer Valley,0
2021-11-07,Deer Valley,0
2021-11-14,Deer Valley,0
2021-11-21,Deer Valley,73
2021-11-28,Deer Valley,0
2021-12-05,Deer Valley,0
2021-12-12,Deer Valley,0
2021-12-19,Deer Valley,0
2021-12-26,Deer Valley,100
2022-01-02,Deer Valley,0
2022-01-09,Deer Valley,88
2022-01-16,Deer Valley,0
2022-01-23,Deer Valley,0
2022-01-30,Deer Valley,0
2022-02-06,Deer Valley,0
2022-02-13,Deer Valley,0
2022-02-20,Deer Valley,0
2022-02-27,Deer Valley,0
2022-03-06,Deer Valley,0
2022-03-13,Deer Valley,0
2022-03-20,Deer Valley,0
2022-03-27,Deer Valley,0
2022-04-03,Deer Valley,0
2022-04-10,Deer Valley,0
2022-04-17,Deer Valley,0
2022-04-24,Deer Valley,0
2022-05-01,Deer Valley,0
2022-05-08,Deer Valley,0
2022-05-15,Deer Valley,0
2022-05-22,Deer Valley,0
2022-05-29,Deer Valley,0
2022-06-05,Deer Valley,0
2022-06-12,Deer Valley,0
2022-06-19,Deer Valley,0
2022-06-26,Deer Valley,59
2022-07-03,Deer Valley,0
2022-07-10,Deer Valley,0
2022-07-17,Deer Valley,0
2022-07-24,Deer Valley,0
2022-07-31,Deer Valley,0
2022-08-07,Deer Valley,0
2022-08-14,Deer Valley,0
2022-08-21,Deer Valley,0
2022-08-28,Deer Valley,0
2022-09-04,Deer Valley,0
2022-09-11,Deer Valley,0
2022-09-18,Deer Valley,0
2022-09-25,Deer Valley,0
2022-10-02,Deer Valley,0
2022-10-09,Deer Valley,0
2022-10-16,Deer Valley,0
2022-10-23,Deer Valley,0
2022-10-30,Deer Valley,0
2022-11-06,Deer Valley,0
2022-11-13,Deer Valley,0
2022-11-20,Deer Valley,0
2022-11-27,Deer Valley,0
2022-12-04,Deer Valley,0
2022-12-11,Deer Valley,0
2022-12-18,Deer Valley,66
2022-12-25,Deer Valley,0
2023-01-01,Deer Valley,69
2023-01-08,Deer Valley,0
2023-01-15,Deer Valley,0
2023-01-22,Deer Valley,0
2023-01-29,Deer Valley,0
2023-02-05,Deer Valley,0
2023-02-12,Deer Valley,0
2023-02-19,Deer Valley,0
2023-02-26,Deer Valley,0
2023-03-05,Deer Valley,0
2023-03-12,Deer Valley,0
2023-03-19,Deer Valley,0
2023-03-26,Deer Valley,0
2023-04-02,Deer Valley,0
2023-04-09,Deer Valley,0
2023-04-16,Deer Valley,0
2023-04-23,Deer Valley,0
2023-04-30,Deer Valley,0
2023-05-07,Deer Valley,0
2023-05-14,Deer Valley,0
2023-05-21,Deer Valley,0
2023-05-28,Deer Valley,0
2023-06-04,Deer Valley,0
2023-06-11,Deer Valley,0
2023-06-18,Deer Valley,0
2023-06-25,Deer Valley,0
2023-07-02,Deer Valley,0
2023-07-09,Deer Valley,0
2023-07-16,Deer Valley,0
2023-07-23,Deer Valley,0
2023-07-30,Deer Valley,0
2023-08-06,Deer Valley,0
2023-08-13,Deer Valley,0
2023-08-20,Deer Valley,0
2023-08-27,Deer Valley,0
2023-09-03,Deer Valley,0
2023-09-10,Deer Valley,0
2023-09-17,Deer Valley,0
2023-09-24,Deer Valley,0
2023-10-01,Deer Valley,0
2023-10-08,Deer Valley,0
2023-10-15,Deer Valley,0
2023-10-22,Deer Valley,0
2023-10-29,Deer Valley,0
2023-11-05,Deer Valley,0
2023-11-12,Deer Valley,0
2023-11-19,Deer Valley,0
2023-11-26,Deer Valley,0
2023-12-03,Deer Valley,0
2023-12-10,Deer Valley,0
2023-12-17,Deer Valley,0
2023-12-24,Deer Valley,0
2023-12-31,Deer Valley,0
2024-01-07,Deer Valley,0
2024-01-14,Deer Valley,0
2024-01-21,Deer Valley,0
2024-01-28,Deer Valley,0
2024-02-04,Deer Valley,0
2024-02-11,Deer Valley,0
2024-02-18,Deer Valley,0
2024-02-25,Deer Valley,0
2024-03-03,Deer Valley,80
2024-03-10,Deer Valley,0
2024-03-17,Deer Valley,0
2024-03-24,Deer Valley,0
2024-03-31,Deer Valley,0
2024-04-07,Deer Valley,0
2024-04-14,Deer Valley,0
2024-04-21,Deer Valley,0
2024-04-28,Deer Valley,0
2024-05-05,Deer Valley,0
2024-05-12,Deer Valley,0
2024-05-19,Deer Valley,0
2024-05-26,Deer Valley,0
2024-06-02,Deer Valley,0
2024-06-09,Deer Valley,0
2024-06-16,Deer Valley,0
2024-06-23,Deer Valley,0
2024-06-30,Deer Valley,0
2024-07-07,Deer Valley,0
2024-07-14,Deer Valley,0
2024-07-21,Deer Valley,0
2024-07-28,Deer Valley,0
2024-08-04,Deer Valley,0
2024-08-11,Deer Valley,0
2024-08-18,Deer Valley,0
2024-08-25,Deer Valley,0
2024-09-01,Deer Valley,0
2024-09-08,Deer Valley,0
2024-09-15,Deer Valley,0
2024-09-22,Deer Valley,0
2024-09-29,Deer Valley,0
2024-10-06,Deer Valley,0
2024-10-13,Deer Valley,0
2024-10-20,Deer Valley,0
2024-10-27,Deer Valley,0
2024-11-03,Deer Valley,0
2024-11-10,Deer Valley,0
2024-11-17,Deer Valley,0
2024-11-24,Deer Valley,0
2024-12-01,Deer Valley,0
2024-12-08,Deer Valley,0
2024-12-15,Deer Valley,0
2024-12-22,Deer Valley,0
2024-12-29,Deer Valley,0
2025-01-05,Deer Valley,0
2025-01-12,Deer Valley,0
2025-01-19,Deer Valley,0
2025-01-26,Deer Valley,0
2025-02-02,Deer Valley,0
2025-02-09,Deer Valley,0
2025-02-16,Deer Valley,0
2025-02-23,Deer Valley,0
2025-03-02,Deer Valley,0
2025-03-09,Deer Valley,64
2025-03-16,Deer Valley,0
2025-03-23,Deer Valley,0
2025-03-30,Deer Valley,0
2025-04-06,Deer Valley,0
2025-04-13,Deer Valley,0
2025-04-20,Deer Valley,0
2025-04-27,Deer Valley,0
2025-05-04,Deer Valley,0
2025-05-11,Deer Valley,0
2025-05-18,Deer Valley,0
2025-05-25,Deer Valley,0
2025-06-01,Deer Valley,0
2025-06-08,Deer Valley,0
2025-06-15,Deer Valley,0
2025-06-22,Deer Valley,61
2025-06-29,Deer Valley,0
2025-07-06,Deer Valley,0
2025-07-13,Deer Valley,0
2025-07-20,Deer Valley,0
2025-07-27,Deer Valley,0
2025-08-03,Deer Valley,0
2025-08-10,Deer Valley,0
2025-08-17,Deer Valley,0
2025-08-24,Deer Valley,13
2025-08-31,Deer Valley,17
2025-09-07,Deer Valley,18
2020-09-06,Deer Valley East,0
2020-09-13,Deer Valley East,0
2020-09-20,Deer Valley East,14
2020-09-27,Deer Valley East,0
2020-10-04,Deer Valley East,15
2020-10-11,Deer Valley East,0
2020-10-18,Deer Valley East,0
2020-10-25,Deer Valley East,0
2020-11-01,Deer Valley East,0
2020-11-08,Deer Valley East,0
2020-11-15,Deer Valley East,0
2020-11-22,Deer Valley East,0
2020-11-29,Deer Valley East,0
2020-12-06,Deer Valley East,0
2020-12-13,Deer Valley East,0
2020-12-20,Deer Valley East,0
2020-12-27,Deer Valley East,0
2021-01-03,Deer Valley East,0
2021-01-10,Deer Valley East,0
2021-01-17,Deer Valley East,0
2021-01-24,Deer Valley East,0
2021-01-31,Deer Valley East,0
2021-02-07,Deer Valley East,0
2021-02-14,Deer Valley East,0
2021-02-21,Deer Valley East,0
2021-02-28,Deer Valley East,0
2021-03-07,Deer Valley East,0
2021-03-14,Deer Valley East,0
2021-03-21,Deer Valley East,0
2021-03-28,Deer Valley East,0
2021-04-04,Deer Valley East,0
2021-04-11,Deer Valley East,0
2021-04-18,Deer Valley East,0
2021-04-25,Deer Valley East,0
2021-05-02,Deer Valley East,0
2021-05-09,Deer Valley East,0
2021-05-16,Deer Valley East,0
2021-05-23,Deer Valley East,0
2021-05-30,Deer Valley East,0
2021-06-06,Deer Valley East,0
2021-06-13,Deer Valley East,0
2021-06-20,Deer Valley East,0
2021-06-27,Deer Valley East,0
2021-07-04,Deer Valley East,0
2021-07-11,Deer Valley East,0
2021-07-18,Deer Valley East,0
2021-07-25,Deer Valley East,0
2021-08-01,Deer Valley East,0
2021-08-08,Deer Valley East,0
2021-08-15,Deer Valley East,0
2021-08-22,Deer Valley East,16
2021-08-29,Deer Valley East,0
2021-09-05,Deer Valley East,0
2021-09-12,Deer Valley East,0
2021-09-19,Deer Valley East,0
2021-09-26,Deer Valley East,0
2021-10-03,Deer Valley East,0
2021-10-10,Deer Valley East,0
2021-10-17,Deer Valley East,0
2021-10-24,Deer Valley East,0
2021-10-31,Deer Valley East,0
2021-11-07,Deer Valley East,0
2021-11-14,Deer Valley East,0
2021-11-21,Deer Valley East,0
2021-11-28,Deer Valley East,0
2021-12-05,Deer Valley East,0
2021-12-12,Deer Valley East,0
2021-12-19,Deer Valley East,0
2021-12-26,Deer Valley East,0
2022-01-02,Deer Valley East,0
2022-01-09,Deer Valley East,0
2022-01-16,Deer Valley East,0
2022-01-23,Deer Valley East,0
2022-01-30,Deer Valley East,0
2022-02-06,Deer Valley East,0
2022-02-13,Deer Valley East,18
2022-02-20,Deer Valley East,0
2022-02-27,Deer Valley East,16
2022-03-06,Deer Valley East,14
2022-03-13,Deer Valley East,0
2022-03-20,Deer Valley East,15
2022-03-27,Deer Valley East,0
2022-04-03,Deer Valley East,0
2022-04-10,Deer Valley East,0
2022-04-17,Deer Valley East,0
2022-04-24,Deer Valley East,13
2022-05-01,Deer Valley East,16
2022-05-08,Deer Valley East,12
2022-05-15,Deer Valley East,0
2022-05-22,Deer Valley East,16
2022-05-29,Deer Valley East,0
2022-06-05,Deer Valley East,0
2022-06-12,Deer Valley East,0
2022-06-19,Deer Valley East,0
2022-06-26,Deer Valley East,0
2022-07-03,Deer Valley East,14
2022-07-10,Deer Valley East,0
2022-07-17,Deer Valley East,0
2022-07-24,Deer Valley East,0
2022-07-31,Deer Valley East,0
2022-08-07,Deer Valley East,0
2022-08-14,Deer Valley East,0
2022-08-21,Deer Valley East,0
2022-08-28,Deer Valley East,0
2022-09-04,Deer Valley East,0
2022-09-11,Deer Valley East,0
2022-09-18,Deer Valley East,0
2022-09-25,Deer Valley East,0
2022-10-02,Deer Valley East,0
2022-10-09,Deer Valley East,0
2022-10-16,Deer Valley East,0
2022-10-23,Deer Valley East,0
2022-10-30,Deer Valley East,0
2022-11-06,Deer Valley East,0
2022-11-13,Deer Valley East,0
2022-11-20,Deer Valley East,0
2022-11-27,Deer Valley East,0
2022-12-04,Deer Valley East,0
2022-12-11,Deer Valley East,0
2022-12-18,Deer Valley East,0
2022-12-25,Deer Valley East,0
2023-01-01,Deer Valley East,0
2023-01-08,Deer Valley East,0
2023-01-15,Deer Valley East,12
2023-01-22,Deer Valley East,16
2023-01-29,Deer Valley East,0
2023-02-05,Deer Valley East,0
2023-02-12,Deer Valley East,0
2023-02-19,Deer Valley East,0
2023-02-26,Deer Valley East,0
2023-03-05,Deer Valley East,13
2023-03-12,Deer Valley East,0
2023-03-19,Deer Valley East,13
2023-03-26,Deer Valley East,15
2023-04-02,Deer Valley East,0
2023-04-09,Deer Valley East,0
2023-04-16,Deer Valley East,0
2023-04-23,Deer Valley East,0
2023-04-30,Deer Valley East,0
2023-05-07,Deer Valley East,0
2023-05-14,Deer Valley East,0
2023-05-21,Deer Valley East,0
2023-05-28,Deer Valley East,0
2023-06-04,Deer Valley East,0
2023-06-11,Deer Valley East,0
2023-06-18,Deer Valley East,0
2023-06-25,Deer Valley East,0
2023-07-02,Deer Valley East,0
2023-07-09,Deer Valley East,0
2023-07-16,Deer Valley East,0
2023-07-23,Deer Valley East,0
2023-07-30,Deer Valley East,0
2023-08-06,Deer Valley East,0
2023-08-13,Deer Valley East,0
2023-08-20,Deer Valley East,0
2023-08-27,Deer Valley East,0
2023-09-03,Deer Valley East,0
2023-09-10,Deer Valley East,0
2023-09-17,Deer Valley East,14
2023-09-24,Deer Valley East,0
2023-10-01,Deer Valley East,0
2023-10-08,Deer Valley East,0
2023-10-15,Deer Valley East,0
2023-10-22,Deer Valley East,0
2023-10-29,Deer Valley East,0
2023-11-05,Deer Valley East,0
2023-11-12,Deer Valley East,0
2023-11-19,Deer Valley East,0
2023-11-26,Deer Valley East,0
2023-12-03,Deer Valley East,0
2023-12-10,Deer Valley East,13
2023-12-17,Deer Valley East,0
2023-12-24,Deer Valley East,0
2023-12-31,Deer Valley East,0
2024-01-07,Deer Valley East,0
2024-01-14,Deer Valley East,0
2024-01-21,Deer Valley East,14
2024-01-28,Deer Valley East,0
2024-02-04,Deer Valley East,0
2024-02-11,Deer Valley East,15
2024-02-18,Deer Valley East,0
2024-02-25,Deer Valley East,15
2024-03-03,Deer Valley East,17
2024-03-10,Deer Valley East,0
2024-03-17,Deer Valley East,18
2024-03-24,Deer Valley East,0
2024-03-31,Deer Valley East,0
2024-04-07,Deer Valley East,0
2024-04-14,Deer Valley East,15
2024-04-21,Deer Valley East,0
2024-04-28,Deer Valley East,0
2024-05-05,Deer Valley East,0
2024-05-12,Deer Valley East,0
2024-05-19,Deer Valley East,0
2024-05-26,Deer Valley East,0
2024-06-02,Deer Valley East,0
2024-06-09,Deer Valley East,0
2024-06-16,Deer Valley East,16
2024-06-23,Deer Valley East,15
2024-06-30,Deer Valley East,0
2024-07-07,Deer Valley East,16
2024-07-14,Deer Valley East,16
2024-07-21,Deer Valley East,0
2024-07-28,Deer Valley East,16
2024-08-04,Deer Valley East,0
2024-08-11,Deer Valley East,19
2024-08-18,Deer Valley East,16
2024-08-25,Deer Valley East,0
2024-09-01,Deer Valley East,0
2024-09-08,Deer Valley East,0
2024-09-15,Deer Valley East,0
2024-09-22,Deer Valley East,0
2024-09-29,Deer Valley East,21
2024-10-06,Deer Valley East,19
2024-10-13,Deer Valley East,18
2024-10-20,Deer Valley East,24
2024-10-27,Deer Valley East,0
2024-11-03,Deer Valley East,0
2024-11-10,Deer Valley East,0
2024-11-17,Deer Valley East,17
2024-11-24,Deer Valley East,16
2024-12-01,Deer Valley East,15
2024-12-08,Deer Valley East,23
2024-12-15,Deer Valley East,20
2024-12-22,Deer Valley East,22
2024-12-29,Deer Valley East,33
2025-01-05,Deer Valley East,27
2025-01-12,Deer Valley East,20
2025-01-19,Deer Valley East,25
2025-01-26,Deer Valley East,100
2025-02-02,Deer Valley East,34
2025-02-09,Deer Valley East,33
2025-02-16,Deer Valley East,31
2025-02-23,Deer Valley East,29
2025-03-02,Deer Valley East,19
2025-03-09,Deer Valley East,28
2025-03-16,Deer Valley East,30
2025-03-23,Deer Valley East,19
2025-03-30,Deer Valley East,0
2025-04-06,Deer Valley East,0
2025-04-13,Deer Valley East,23
2025-04-20,Deer Valley East,0
2025-04-27,Deer Valley East,0
2025-05-04,Deer Valley East,19
2025-05-11,Deer Valley East,0
2025-05-18,Deer Valley East,0
2025-05-25,Deer Valley East,0
2025-06-01,Deer Valley East,16
2025-06-08,Deer Valley East,0
2025-06-15,Deer Valley East,0
2025-06-22,Deer Valley East,17
2025-06-29,Deer Valley East,0
2025-07-06,Deer Valley East,27
2025-07-13,Deer Valley East,0
2025-07-20,Deer Valley East,15
2025-07-27,Deer Valley East,34
2025-08-03,Deer Valley East,19
2025-08-10,Deer Valley East,27
2025-08-17,Deer Valley East,21
2025-08-24,Deer Valley East,17
2025-08-31,Deer Valley East,17
2025-09-07,Deer Valley East,15
2020-09-06,Glenwild,0
2020-09-13,Glenwild,0
2020-09-20,Glenwild,0
2020-09-27,Glenwild,0
2020-10-04,Glenwild,0
2020-10-11,Glenwild,0
2020-10-18,Glenwild,0
2020-10-25,Glenwild,0
2020-11-01,Glenwild,0
2020-11-08,Glenwild,0
2020-11-15,Glenwild,0
2020-11-22,Glenwild,0
2020-11-29,Glenwild,0
2020-12-06,Glenwild,0
2020-12-13,Glenwild,88
2020-12-20,Glenwild,0
2020-12-27,Glenwild,0
2021-01-03,Glenwild,0
2021-01-10,Glenwild,0
2021-01-17,Glenwild,0
2021-01-24,Glenwild,0
2021-01-31,Glenwild,0
2021-02-07,Glenwild,0
2021-02-14,Glenwild,0
2021-02-21,Glenwild,0
2021-02-28,Glenwild,0
2021-03-07,Glenwild,0
2021-03-14,Glenwild,0
2021-03-21,Glenwild,0
2021-03-28,Glenwild,0
2021-04-04,Glenwild,0
2021-04-11,Glenwild,0
2021-04-18,Glenwild,0
2021-04-25,Glenwild,0
2021-05-02,Glenwild,0
2021-05-09,Glenwild,0
2021-05-16,Glenwild,0
2021-05-23,Glenwild,0
2021-05-30,Glenwild,0
2021-06-06,Glenwild,0
2021-06-13,Glenwild,0
2021-06-20,Glenwild,0
2021-06-27,Glenwild,0
2021-07-04,Glenwild,0
2021-07-11,Glenwild,0
2021-07-18,Glenwild,0
2021-07-25,Glenwild,0
2021-08-01,Glenwild,0
2021-08-08,Glenwild,0
2021-08-15,Glenwild,0
2021-08-22,Glenwild,0
2021-08-29,Glenwild,0
2021-09-05,Glenwild,0
2021-09-12,Glenwild,0
2021-09-19,Glenwild,0
2021-09-26,Glenwild,0
2021-10-03,Glenwild,0
2021-10-10,Glenwild,0
2021-10-17,Glenwild,0
2021-10-24,Glenwild,0
2021-10-31,Glenwild,0
2021-11-07,Glenwild,0
2021-11-14,Glenwild,0
2021-11-21,Glenwild,0
2021-11-28,Glenwild,0
2021-12-05,Glenwild,0
2021-12-12,Glenwild,0
2021-12-19,Glenwild,0
2021-12-26,Glenwild,0
2022-01-02,Glenwild,0
2022-01-09,Glenwild,0
2022-01-16,Glenwild,0
2022-01-23,Glenwild,0
2022-01-30,Glenwild,0
2022-02-06,Glenwild,0
2022-02-13,Glenwild,0
2022-02-20,Glenwild,0
2022-02-27,Glenwild,0
2022-03-06,Glenwild,0
2022-03-13,Glenwild,0
2022-03-20,Glenwild,0
2022-03-27,Glenwild,0
2022-04-03,Glenwild,0
2022-04-10,Glenwild,0
2022-04-17,Glenwild,0
2022-04-24,Glenwild,0
2022-05-01,Glenwild,0
2022-05-08,Glenwild,0
2022-05-15,Glenwild,0
2022-05-22,Glenwild,0
2022-05-29,Glenwild,0
2022-06-05,Glenwild,0
2022-06-12,Glenwild,0
2022-06-19,Glenwild,0
2022-06-26,Glenwild,0
2022-07-03,Glenwild,86
2022-07-10,Glenwild,78
2022-07-17,Glenwild,0
2022-07-24,Glenwild,0
2022-07-31,Glenwild,0
2022-08-07,Glenwild,0
2022-08-14,Glenwild,82
2022-08-21,Glenwild,0
2022-08-28,Glenwild,0
2022-09-04,Glenwild,0
2022-09-11,Glenwild,0
2022-09-18,Glenwild,0
2022-09-25,Glenwild,0
2022-10-02,Glenwild,0
2022-10-09,Glenwild,0
2022-10-16,Glenwild,0
2022-10-23,Glenwild,0
2022-10-30,Glenwild,0
2022-11-06,Glenwild,0
2022-11-13,Glenwild,0
2022-11-20,Glenwild,0
2022-11-27,Glenwild,0
2022-12-04,Glenwild,0
2022-12-11,Glenwild,0
2022-12-18,Glenwild,0
2022-12-25,Glenwild,0
2023-01-01,Glenwild,0
2023-01-08,Glenwild,0
2023-01-15,Glenwild,0
2023-01-22,Glenwild,0
2023-01-29,Glenwild,0
2023-02-05,Glenwild,0
2023-02-12,Glenwild,0
2023-02-19,Glenwild,0
2023-02-26,Glenwild,0
2023-03-05,Glenwild,0
2023-03-12,Glenwild,0
2023-03-19,Glenwild,0
2023-03-26,Glenwild,0
2023-04-02,Glenwild,0
2023-04-09,Glenwild,0
2023-04-16,Glenwild,0
2023-04-23,Glenwild,0
2023-04-30,Glenwild,100
2023-05-07,Glenwild,0
2023-05-14,Glenwild,0
2023-05-21,Glenwild,0
2023-05-28,Glenwild,0
2023-06-04,Glenwild,0
2023-06-11,Glenwild,0
2023-06-18,Glenwild,0
2023-06-25,Glenwild,0
2023-07-02,Glenwild,0
2023-07-09,Glenwild,0
2023-07-16,Glenwild,0
2023-07-23,Glenwild,0
2023-07-30,Glenwild,0
2023-08-06,Glenwild,0
2023-08-13,Glenwild,0
2023-08-20,Glenwild,0
2023-08-27,Glenwild,0
2023-09-03,Glenwild,0
2023-09-10,Glenwild,0
2023-09-17,Glenwild,0
2023-09-24,Glenwild,0
2023-10-01,Glenwild,78
2023-10-08,Glenwild,0
2023-10-15,Glenwild,0
2023-10-22,Glenwild,0
2023-10-29,Glenwild,0
2023-11-05,Glenwild,0
2023-11-12,Glenwild,0
2023-11-19,Glenwild,0
2023-11-26,Glenwild,0
2023-12-03,Glenwild,0
2023-12-10,Glenwild,0
2023-12-17,Glenwild,0
2023-12-24,Glenwild,0
2023-12-31,Glenwild,0
2024-01-07,Glenwild,0
2024-01-14,Glenwild,0
2024-01-21,Glenwild,0
2024-01-28,Glenwild,0
2024-02-04,Glenwild,0
2024-02-11,Glenwild,0
2024-02-18,Glenwild,0
2024-02-25,Glenwild,0
2024-03-03,Glenwild,0
2024-03-10,Glenwild,0
2024-03-17,Glenwild,0
2024-03-24,Glenwild,0
2024-03-31,Glenwild,0
2024-04-07,Glenwild,0
2024-04-14,Glenwild,0
2024-04-21,Glenwild,0
2024-04-28,Glenwild,0
2024-05-05,Glenwild,0
2024-05-12,Glenwild,0
2024-05-19,Glenwild,0
2024-05-26,Glenwild,0
2024-06-02,Glenwild,0
2024-06-09,Glenwild,0
2024-06-16,Glenwild,0
2024-06-23,Glenwild,0
2024-06-30,Glenwild,0
2024-07-07,Glenwild,0
2024-07-14,Glenwild,0
2024-07-21,Glenwild,0
2024-07-28,Glenwild,0
2024-08-04,Glenwild,0
2024-08-11,Glenwild,0
2024-08-18,Glenwild,0
2024-08-25,Glenwild,0
2024-09-01,Glenwild,0
2024-09-08,Glenwild,0
2024-09-15,Glenwild,0
2024-09-22,Glenwild,0
2024-09-29,Glenwild,0
2024-10-06,Glenwild,0
2024-10-13,Glenwild,0
2024-10-20,Glenwild,0
2024-10-27,Glenwild,0
2024-11-03,Glenwild,0
2024-11-10,Glenwild,0
2024-11-17,Glenwild,0
2024-11-24,Glenwild,0
2024-12-01,Glenwild,0
2024-12-08,Glenwild,0
2024-12-15,Glenwild,0
2024-12-22,Glenwild,0
2024-12-29,Glenwild,0
2025-01-05,Glenwild,0
2025-01-12,Glenwild,0
2025-01-19,Glenwild,0
2025-01-26,Glenwild,0
2025-02-02,Glenwild,0
2025-02-09,Glenwild,0
2025-02-16,Glenwild,0
2025-02-23,Glenwild,0
2025-03-02,Glenwild,0
2025-03-09,Glenwild,0
2025-03-16,Glenwild,0
2025-03-23,Glenwild,0
2025-03-30,Glenwild,0
2025-04-06,Glenwild,0
2025-04-13,Glenwild,85
2025-04-20,Glenwild,0
2025-04-27,Glenwild,0
2025-05-04,Glenwild,0
2025-05-11,Glenwild,0
2025-05-18,Glenwild,0
2025-05-25,Glenwild,0
2025-06-01,Glenwild,0
2025-06-08,Glenwild,0
2025-06-15,Glenwild,0
2025-06-22,Glenwild,0
2025-06-29,Glenwild,0
2025-07-06,Glenwild,0
2025-07-13,Glenwild,0
2025-07-20,Glenwild,0
2025-07-27,Glenwild,85
2025-08-03,Glenwild,0
2025-08-10,Glenwild,0
2025-08-17,Glenwild,0
2025-08-24,Glenwild,19
2025-08-31,Glenwild,24
2025-09-07,Glenwild,0
2020-09-06,Heber Utah,63
2020-09-13,Heber Utah,47
2020-09-20,Heber Utah,45
2020-09-27,Heber Utah,67
2020-10-04,Heber Utah,92
2020-10-11,Heber Utah,65
2020-10-18,Heber Utah,62
2020-10-25,Heber Utah,71
2020-11-01,Heber Utah,64
2020-11-08,Heber Utah,0
2020-11-15,Heber Utah,60
2020-11-22,Heber Utah,0
2020-11-29,Heber Utah,0
2020-12-06,Heber Utah,53
2020-12-13,Heber Utah,57
2020-12-20,Heber Utah,0
2020-12-27,Heber Utah,0
2021-01-03,Heber Utah,0
2021-01-10,Heber Utah,60
2021-01-17,Heber Utah,54
2021-01-24,Heber Utah,58
2021-01-31,Heber Utah,78
2021-02-07,Heber Utah,68
2021-02-14,Heber Utah,64
2021-02-21,Heber Utah,58
2021-02-28,Heber Utah,87
2021-03-07,Heber Utah,53
2021-03-14,Heber Utah,53
2021-03-21,Heber Utah,0
2021-03-28,Heber Utah,72
2021-04-04,Heber Utah,92
2021-04-11,Heber Utah,85
2021-04-18,Heber Utah,94
2021-04-25,Heber Utah,89
2021-05-02,Heber Utah,74
2021-05-09,Heber Utah,65
2021-05-16,Heber Utah,61
2021-05-23,Heber Utah,56
2021-05-30,Heber Utah,69
2021-06-06,Heber Utah,81
2021-06-13,Heber Utah,84
2021-06-20,Heber Utah,0
2021-06-27,Heber Utah,0
2021-07-04,Heber Utah,80
2021-07-11,Heber Utah,100
2021-07-18,Heber Utah,55
2021-07-25,Heber Utah,81
2021-08-01,Heber Utah,68
2021-08-08,Heber Utah,95
2021-08-15,Heber Utah,69
2021-08-22,Heber Utah,0
2021-08-29,Heber Utah,81
2021-09-05,Heber Utah,0
2021-09-12,Heber Utah,56
2021-09-19,Heber Utah,74
2021-09-26,Heber Utah,56
2021-10-03,Heber Utah,71
2021-10-10,Heber Utah,0
2021-10-17,Heber Utah,56
2021-10-24,Heber Utah,56
2021-10-31,Heber Utah,0
2021-11-07,Heber Utah,0
2021-11-14,Heber Utah,0
2021-11-21,Heber Utah,59
2021-11-28,Heber Utah,0
2021-12-05,Heber Utah,0
2021-12-12,Heber Utah,0
2021-12-19,Heber Utah,0
2021-12-26,Heber Utah,0
2022-01-02,Heber Utah,75
2022-01-09,Heber Utah,81
2022-01-16,Heber Utah,0
2022-01-23,Heber Utah,74
2022-01-30,Heber Utah,0
2022-02-06,Heber Utah,0
2022-02-13,Heber Utah,0
2022-02-20,Heber Utah,0
2022-02-27,Heber Utah,0
2022-03-06,Heber Utah,48
2022-03-13,Heber Utah,48
2022-03-20,Heber Utah,0
2022-03-27,Heber Utah,41
2022-04-03,Heber Utah,63
2022-04-10,Heber Utah,0
2022-04-17,Heber Utah,70
2022-04-24,Heber Utah,40
2022-05-01,Heber Utah,0
2022-05-08,Heber Utah,43
2022-05-15,Heber Utah,50
2022-05-22,Heber Utah,99
2022-05-29,Heber Utah,0
2022-06-05,Heber Utah,0
2022-06-12,Heber Utah,66
2022-06-19,Heber Utah,0
2022-06-26,Heber Utah,70
2022-07-03,Heber Utah,67
2022-07-10,Heber Utah,76
2022-07-17,Heber Utah,0
2022-07-24,Heber Utah,55
2022-07-31,Heber Utah,64
2022-08-07,Heber Utah,0
2022-08-14,Heber Utah,0
2022-08-21,Heber Utah,0
2022-08-28,Heber Utah,0
2022-09-04,Heber Utah,49
2022-09-11,Heber Utah,0
2022-09-18,Heber Utah,0
2022-09-25,Heber Utah,0
2022-10-02,Heber Utah,64
2022-10-09,Heber Utah,0
2022-10-16,Heber Utah,0
2022-10-23,Heber Utah,0
2022-10-30,Heber Utah,0
2022-11-06,Heber Utah,59
2022-11-13,Heber Utah,47
2022-11-20,Heber Utah,0
2022-11-27,Heber Utah,0
2022-12-04,Heber Utah,0
2022-12-11,Heber Utah,0
2022-12-18,Heber Utah,60
2022-12-25,Heber Utah,0
2023-01-01,Heber Utah,0
2023-01-08,Heber Utah,0
2023-01-15,Heber Utah,0
2023-01-22,Heber Utah,91
2023-01-29,Heber Utah,0
2023-02-05,Heber Utah,0
2023-02-12,Heber Utah,0
2023-02-19,Heber Utah,0
2023-02-26,Heber Utah,0
2023-03-05,Heber Utah,0
2023-03-12,Heber Utah,0
2023-03-19,Heber Utah,0
2023-03-26,Heber Utah,48
2023-04-02,Heber Utah,0
2023-04-09,Heber Utah,0
2023-04-16,Heber Utah,0
2023-04-23,Heber Utah,0
2023-04-30,Heber Utah,0
2023-05-07,Heber Utah,0
2023-05-14,Heber Utah,0
2023-05-21,Heber Utah,60
2023-05-28,Heber Utah,0
2023-06-04,Heber Utah,0
2023-06-11,Heber Utah,0
2023-06-18,Heber Utah,0
2023-06-25,Heber Utah,52
2023-07-02,Heber Utah,55
2023-07-09,Heber Utah,0
2023-07-16,Heber Utah,56
2023-07-23,Heber Utah,63
2023-07-30,Heber Utah,57
2023-08-06,Heber Utah,0
2023-08-13,Heber Utah,0
2023-08-20,Heber Utah,51
2023-08-27,Heber Utah,0
2023-09-03,Heber Utah,0
2023-09-10,Heber Utah,0
2023-09-17,Heber Utah,0
2023-09-24,Heber Utah,0
2023-10-01,Heber Utah,0
2023-10-08,Heber Utah,55
2023-10-15,Heber Utah,0
2023-10-22,Heber Utah,65
2023-10-29,Heber Utah,0
2023-11-05,Heber Utah,0
2023-11-12,Heber Utah,0
2023-11-19,Heber Utah,0
2023-11-26,Heber Utah,0
2023-12-03,Heber Utah,0
2023-12-10,Heber Utah,0
2023-12-17,Heber Utah,84
2023-12-24,Heber Utah,0
2023-12-31,Heber Utah,0
2024-01-07,Heber Utah,0
2024-01-14,Heber Utah,0
2024-01-21,Heber Utah,0
2024-01-28,Heber Utah,0
2024-02-04,Heber Utah,0
2024-02-11,Heber Utah,0
2024-02-18,Heber Utah,0
2024-02-25,Heber Utah,0
2024-03-03,Heber Utah,0
2024-03-10,Heber Utah,0
2024-03-17,Heber Utah,0
2024-03-24,Heber Utah,0
2024-03-31,Heber Utah,0
2024-04-07,Heber Utah,0
2024-04-14,Heber Utah,0
2024-04-21,Heber Utah,0
2024-04-28,Heber Utah,0
2024-05-05,Heber Utah,0
2024-05-12,Heber Utah,0
2024-05-19,Heber Utah,58
2024-05-26,Heber Utah,0
2024-06-02,Heber Utah,0
2024-06-09,Heber Utah,0
2024-06-16,Heber Utah,0
2024-06-23,Heber Utah,0
2024-06-30,Heber Utah,0
2024-07-07,Heber Utah,0
2024-07-14,Heber Utah,0
2024-07-21,Heber Utah,0
2024-07-28,Heber Utah,0
2024-08-04,Heber Utah,55
2024-08-11,Heber Utah,0
2024-08-18,Heber Utah,0
2024-08-25,Heber Utah,0
2024-09-01,Heber Utah,0
2024-09-08,Heber Utah,0
2024-09-15,Heber Utah,0
2024-09-22,Heber Utah,0
2024-09-29,Heber Utah,0
2024-10-06,Heber Utah,0
2024-10-13,Heber Utah,0
2024-10-20,Heber Utah,0
2024-10-27,Heber Utah,0
2024-11-03,Heber Utah,0
2024-11-10,Heber Utah,0
2024-11-17,Heber Utah,0
2024-11-24,Heber Utah,0
2024-12-01,Heber Utah,0
2024-12-08,Heber Utah,0
2024-12-15,Heber Utah,0
2024-12-22,Heber Utah,0
2024-12-29,Heber Utah,0
2025-01-05,Heber Utah,0
2025-01-12,Heber Utah,0
2025-01-19,Heber Utah,0
2025-01-26,Heber Utah,0
2025-02-02,Heber Utah,0
2025-02-09,Heber Utah,0
2025-02-16,Heber Utah,0
2025-02-23,Heber Utah,0
2025-03-02,Heber Utah,0
2025-03-09,Heber Utah,0
2025-03-16,Heber Utah,0
2025-03-23,Heber Utah,0
2025-03-30,Heber Utah,0
2025-04-06,Heber Utah,0
2025-04-13,Heber Utah,0
2025-04-20,Heber Utah,0
2025-04-27,Heber Utah,0
2025-05-04,Heber Utah,0
2025-05-11,Heber Utah,0
2025-05-18,Heber Utah,0
2025-05-25,Heber Utah,0
2025-06-01,Heber Utah,0
2025-06-08,Heber Utah,0
2025-06-15,Heber Utah,0
2025-06-22,Heber Utah,0
2025-06-29,Heber Utah,0
2025-07-06,Heber Utah,0
2025-07-13,Heber Utah,0
2025-07-20,Heber Utah,0
2025-07-27,Heber Utah,0
2025-08-03,Heber Utah,0
2025-08-10,Heber Utah,0
2025-08-17,Heber Utah,0
2025-08-24,Heber Utah,23
2025-08-31,Heber Utah,33
2025-09-07,Heber Utah,0
2020-09-06,Kamas,0
2020-09-13,Kamas,0
2020-09-20,Kamas,0
2020-09-27,Kamas,0
2020-10-04,Kamas,0
2020-10-11,Kamas,0
2020-10-18,Kamas,0
2020-10-25,Kamas,0
2020-11-01,Kamas,0
2020-11-08,Kamas,0
2020-11-15,Kamas,0
2020-11-22,Kamas,0
2020-11-29,Kamas,0
2020-12-06,Kamas,0
2020-12-13,Kamas,0
2020-12-20,Kamas,0
2020-12-27,Kamas,0
2021-01-03,Kamas,0
2021-01-10,Kamas,0
2021-01-17,Kamas,0
2021-01-24,Kamas,0
2021-01-31,Kamas,0
2021-02-07,Kamas,0
2021-02-14,Kamas,0
2021-02-21,Kamas,0
2021-02-28,Kamas,0
2021-03-07,Kamas,0
2021-03-14,Kamas,0
2021-03-21,Kamas,0
2021-03-28,Kamas,0
2021-04-04,Kamas,0
2021-04-11,Kamas,0
2021-04-18,Kamas,0
2021-04-25,Kamas,0
2021-05-02,Kamas,0
2021-05-09,Kamas,0
2021-05-16,Kamas,0
2021-05-23,Kamas,0
2021-05-30,Kamas,0
2021-06-06,Kamas,0
2021-06-13,Kamas,0
2021-06-20,Kamas,0
2021-06-27,Kamas,0
2021-07-04,Kamas,0
2021-07-11,Kamas,0
2021-07-18,Kamas,0
2021-07-25,Kamas,0
2021-08-01,Kamas,0
2021-08-08,Kamas,0
2021-08-15,Kamas,0
2021-08-22,Kamas,0
2021-08-29,Kamas,0
2021-09-05,Kamas,0
2021-09-12,Kamas,0
2021-09-19,Kamas,0
2021-09-26,Kamas,0
2021-10-03,Kamas,0
2021-10-10,Kamas,0
2021-10-17,Kamas,0
2021-10-24,Kamas,0
2021-10-31,Kamas,0
2021-11-07,Kamas,0
2021-11-14,Kamas,0
2021-11-21,Kamas,0
2021-11-28,Kamas,0
2021-12-05,Kamas,0
2021-12-12,Kamas,0
2021-12-19,Kamas,0
2021-12-26,Kamas,0
2022-01-02,Kamas,0
2022-01-09,Kamas,0
2022-01-16,Kamas,0
2022-01-23,Kamas,0
2022-01-30,Kamas,0
2022-02-06,Kamas,0
2022-02-13,Kamas,0
2022-02-20,Kamas,0
2022-02-27,Kamas,0
2022-03-06,Kamas,0
2022-03-13,Kamas,0
2022-03-20,Kamas,0
2022-03-27,Kamas,0
2022-04-03,Kamas,0
2022-04-10,Kamas,0
2022-04-17,Kamas,0
2022-04-24,Kamas,0
2022-05-01,Kamas,0
2022-05-08,Kamas,0
2022-05-15,Kamas,0
2022-05-22,Kamas,0
2022-05-29,Kamas,0
2022-06-05,Kamas,0
2022-06-12,Kamas,0
2022-06-19,Kamas,0
2022-06-26,Kamas,0
2022-07-03,Kamas,0
2022-07-10,Kamas,0
2022-07-17,Kamas,0
2022-07-24,Kamas,0
2022-07-31,Kamas,0
2022-08-07,Kamas,0
2022-08-14,Kamas,0
2022-08-21,Kamas,0
2022-08-28,Kamas,0
2022-09-04,Kamas,0
2022-09-11,Kamas,0
2022-09-18,Kamas,0
2022-09-25,Kamas,0
2022-10-02,Kamas,0
2022-10-09,Kamas,100
2022-10-16,Kamas,0
2022-10-23,Kamas,0
2022-10-30,Kamas,0
2022-11-06,Kamas,0
2022-11-13,Kamas,0
2022-11-20,Kamas,0
2022-11-27,Kamas,0
2022-12-04,Kamas,0
2022-12-11,Kamas,0
2022-12-18,Kamas,0
2022-12-25,Kamas,0
2023-01-01,Kamas,0
2023-01-08,Kamas,0
2023-01-15,Kamas,0
2023-01-22,Kamas,0
2023-01-29,Kamas,0
2023-02-05,Kamas,0
2023-02-12,Kamas,0
2023-02-19,Kamas,0
2023-02-26,Kamas,0
2023-03-05,Kamas,0
2023-03-12,Kamas,0
2023-03-19,Kamas,0
2023-03-26,Kamas,0
2023-04-02,Kamas,0
2023-04-09,Kamas,0
2023-04-16,Kamas,0
2023-04-23,Kamas,0
2023-04-30,Kamas,0
2023-05-07,Kamas,0
2023-05-14,Kamas,0
2023-05-21,Kamas,0
2023-05-28,Kamas,0
2023-06-04,Kamas,0
2023-06-11,Kamas,0
2023-06-18,Kamas,0
2023-06-25,Kamas,0
2023-07-02,Kamas,0
2023-07-09,Kamas,0
2023-07-16,Kamas,0
2023-07-23,Kamas,0
2023-07-30,Kamas,0
2023-08-06,Kamas,0
2023-08-13,Kamas,0
2023-08-20,Kamas,0
2023-08-27,Kamas,0
2023-09-03,Kamas,0
2023-09-10,Kamas,0
2023-09-17,Kamas,0
2023-09-24,Kamas,0
2023-10-01,Kamas,0
2023-10-08,Kamas,0
2023-10-15,Kamas,0
2023-10-22,Kamas,0
2023-10-29,Kamas,0
2023-11-05,Kamas,0
2023-11-12,Kamas,0
2023-11-19,Kamas,0
2023-11-26,Kamas,0
2023-12-03,Kamas,0
2023-12-10,Kamas,0
2023-12-17,Kamas,0
2023-12-24,Kamas,0
2023-12-31,Kamas,0
2024-01-07,Kamas,0
2024-01-14,Kamas,0
2024-01-21,Kamas,0
2024-01-28,Kamas,0
2024-02-04,Kamas,0
2024-02-11,Kamas,0
2024-02-18,Kamas,0
2024-02-25,Kamas,0
2024-03-03,Kamas,0
2024-03-10,Kamas,0
2024-03-17,Kamas,0
2024-03-24,Kamas,0
2024-03-31,Kamas,0
2024-04-07,Kamas,0
2024-04-14,Kamas,0
2024-04-21,Kamas,0
2024-04-28,Kamas,0
2024-05-05,Kamas,0
2024-05-12,Kamas,0
2024-05-19,Kamas,0
2024-05-26,Kamas,0
2024-06-02,Kamas,0
2024-06-09,Kamas,0
2024-06-16,Kamas,0
2024-06-23,Kamas,0
2024-06-30,Kamas,0
2024-07-07,Kamas,0
2024-07-14,Kamas,0
2024-07-21,Kamas,0
2024-07-28,Kamas,0
2024-08-04,Kamas,0
2024-08-11,Kamas,0
2024-08-18,Kamas,0
2024-08-25,Kamas,0
2024-09-01,Kamas,0
2024-09-08,Kamas,0
2024-09-15,Kamas,100
2024-09-22,Kamas,0
2024-09-29,Kamas,0
2024-10-06,Kamas,0
2024-10-13,Kamas,0
2024-10-20,Kamas,0
2024-10-27,Kamas,0
2024-11-03,Kamas,0
2024-11-10,Kamas,0
2024-11-17,Kamas,0
2024-11-24,Kamas,0
2024-12-01,Kamas,0
2024-12-08,Kamas,0
2024-12-15,Kamas,0
2024-12-22,Kamas,0
2024-12-29,Kamas,0
2025-01-05,Kamas,0
2025-01-12,Kamas,0
2025-01-19,Kamas,0
2025-01-26,Kamas,0
2025-02-02,Kamas,0
2025-02-09,Kamas,0
2025-02-16,Kamas,0
2025-02-23,Kamas,0
2025-03-02,Kamas,0
2025-03-09,Kamas,0
2025-03-16,Kamas,0
2025-03-23,Kamas,0
2025-03-30,Kamas,0
2025-04-06,Kamas,0
2025-04-13,Kamas,0
2025-04-20,Kamas,0
2025-04-27,Kamas,0
2025-05-04,Kamas,0
2025-05-11,Kamas,0
2025-05-18,Kamas,0
2025-05-25,Kamas,0
2025-06-01,Kamas,0
2025-06-08,Kamas,0
2025-06-15,Kamas,0
2025-06-22,Kamas,0
2025-06-29,Kamas,0
2025-07-06,Kamas,0
2025-07-13,Kamas,0
2025-07-20,Kamas,0
2025-07-27,Kamas,0
2025-08-03,Kamas,0
2025-08-10,Kamas,0
2025-08-17,Kamas,0
2025-08-24,Kamas,9
2025-08-31,Kamas,7
2025-09-07,Kamas,0
2020-09-06,Park City,50
2020-09-13,Park City,56
2020-09-20,Park City,45
2020-09-27,Park City,38
2020-10-04,Park City,62
2020-10-11,Park City,38
2020-10-18,Park City,60
2020-10-25,Park City,36
2020-11-01,Park City,36
2020-11-08,Park City,46
2020-11-15,Park City,40
2020-11-22,Park City,40
2020-11-29,Park City,41
2020-12-06,Park City,46
2020-12-13,Park City,49
2020-12-20,Park City,42
2020-12-27,Park City,67
2021-01-03,Park City,37
2021-01-10,Park City,36
2021-01-17,Park City,50
2021-01-24,Park City,61
2021-01-31,Park City,58
2021-02-07,Park City,57
2021-02-14,Park City,50
2021-02-21,Park City,46
2021-02-28,Park City,50
2021-03-07,Park City,43
2021-03-14,Park City,43
2021-03-21,Park City,48
2021-03-28,Park City,42
2021-04-04,Park City,43
2021-04-11,Park City,51
2021-04-18,Park City,49
2021-04-25,Park City,41
2021-05-02,Park City,43
2021-05-09,Park City,38
2021-05-16,Park City,45
2021-05-23,Park City,38
2021-05-30,Park City,36
2021-06-06,Park City,45
2021-06-13,Park City,40
2021-06-20,Park City,47
2021-06-27,Park City,59
2021-07-04,Park City,41
2021-07-11,Park City,47
2021-07-18,Park City,41
2021-07-25,Park City,49
2021-08-01,Park City,37
2021-08-08,Park City,42
2021-08-15,Park City,37
2021-08-22,Park City,41
2021-08-29,Park City,44
2021-09-05,Park City,42
2021-09-12,Park City,40
2021-09-19,Park City,41
2021-09-26,Park City,30
2021-10-03,Park City,53
2021-10-10,Park City,40
2021-10-17,Park City,34
2021-10-24,Park City,37
2021-10-31,Park City,46
2021-11-07,Park City,40
2021-11-14,Park City,36
2021-11-21,Park City,26
2021-11-28,Park City,30
2021-12-05,Park City,33
2021-12-12,Park City,31
2021-12-19,Park City,26
2021-12-26,Park City,50
2022-01-02,Park City,65
2022-01-09,Park City,61
2022-01-16,Park City,59
2022-01-23,Park City,44
2022-01-30,Park City,56
2022-02-06,Park City,54
2022-02-13,Park City,53
2022-02-20,Park City,58
2022-02-27,Park City,47
2022-03-06,Park City,48
2022-03-13,Park City,43
2022-03-20,Park City,56
2022-03-27,Park City,41
2022-04-03,Park City,48
2022-04-10,Park City,42
2022-04-17,Park City,40
2022-04-24,Park City,45
2022-05-01,Park City,50
2022-05-08,Park City,38
2022-05-15,Park City,37
2022-05-22,Park City,34
2022-05-29,Park City,37
2022-06-05,Park City,46
2022-06-12,Park City,51
2022-06-19,Park City,42
2022-06-26,Park City,41
2022-07-03,Park City,56
2022-07-10,Park City,41
2022-07-17,Park City,43
2022-07-24,Park City,42
2022-07-31,Park City,53
2022-08-07,Park City,46
2022-08-14,Park City,36
2022-08-21,Park City,51
2022-08-28,Park City,44
2022-09-04,Park City,43
2022-09-11,Park City,42
2022-09-18,Park City,38
2022-09-25,Park City,32
2022-10-02,Park City,35
2022-10-09,Park City,29
2022-10-16,Park City,38
2022-10-23,Park City,37
2022-10-30,Park City,27
2022-11-06,Park City,39
2022-11-13,Park City,44
2022-11-20,Park City,30
2022-11-27,Park City,27
2022-12-04,Park City,37
2022-12-11,Park City,34
2022-12-18,Park City,32
2022-12-25,Park City,38
2023-01-01,Park City,38
2023-01-08,Park City,44
2023-01-15,Park City,51
2023-01-22,Park City,41
2023-01-29,Park City,35
2023-02-05,Park City,46
2023-02-12,Park City,40
2023-02-19,Park City,39
2023-02-26,Park City,38
2023-03-05,Park City,23
2023-03-12,Park City,29
2023-03-19,Park City,34
2023-03-26,Park City,44
2023-04-02,Park City,28
2023-04-09,Park City,31
2023-04-16,Park City,37
2023-04-23,Park City,40
2023-04-30,Park City,33
2023-05-07,Park City,21
2023-05-14,Park City,29
2023-05-21,Park City,29
2023-05-28,Park City,28
2023-06-04,Park City,45
2023-06-11,Park City,37
2023-06-18,Park City,38
2023-06-25,Park City,54
2023-07-02,Park City,39
2023-07-09,Park City,37
2023-07-16,Park City,49
2023-07-23,Park City,41
2023-07-30,Park City,45
2023-08-06,Park City,33
2023-08-13,Park City,36
2023-08-20,Park City,34
2023-08-27,Park City,29
2023-09-03,Park City,37
2023-09-10,Park City,27
2023-09-17,Park City,29
2023-09-24,Park City,44
2023-10-01,Park City,26
2023-10-08,Park City,32
2023-10-15,Park City,35
2023-10-22,Park City,31
2023-10-29,Park City,26
2023-11-05,Park City,28
2023-11-12,Park City,18
2023-11-19,Park City,28
2023-11-26,Park City,31
2023-12-03,Park City,25
2023-12-10,Park City,23
2023-12-17,Park City,25
2023-12-24,Park City,40
2023-12-31,Park City,52
2024-01-07,Park City,40
2024-01-14,Park City,34
2024-01-21,Park City,47
2024-01-28,Park City,38
2024-02-04,Park City,24
2024-02-11,Park City,40
2024-02-18,Park City,43
2024-02-25,Park City,35
2024-03-03,Park City,34
2024-03-10,Park City,48
2024-03-17,Park City,30
2024-03-24,Park City,38
2024-03-31,Park City,33
2024-04-07,Park City,24
2024-04-14,Park City,36
2024-04-21,Park City,25
2024-04-28,Park City,21
2024-05-05,Park City,33
2024-05-12,Park City,33
2024-05-19,Park City,24
2024-05-26,Park City,23
2024-06-02,Park City,46
2024-06-09,Park City,35
2024-06-16,Park City,33
2024-06-23,Park City,51
2024-06-30,Park City,35
2024-07-07,Park City,49
2024-07-14,Park City,37
2024-07-21,Park City,27
2024-07-28,Park City,22
2024-08-04,Park City,35
2024-08-11,Park City,39
2024-08-18,Park City,31
2024-08-25,Park City,40
2024-09-01,Park City,28
2024-09-08,Park City,29
2024-09-15,Park City,28
2024-09-22,Park City,25
2024-09-29,Park City,34
2024-10-06,Park City,22
2024-10-13,Park City,19
2024-10-20,Park City,31
2024-10-27,Park City,30
2024-11-03,Park City,25
2024-11-10,Park City,32
2024-11-17,Park City,33
2024-11-24,Park City,29
2024-12-01,Park City,24
2024-12-08,Park City,28
2024-12-15,Park City,38
2024-12-22,Park City,35
2024-12-29,Park City,38
2025-01-05,Park City,40
2025-01-12,Park City,30
2025-01-19,Park City,27
2025-01-26,Park City,32
2025-02-02,Park City,32
2025-02-09,Park City,34
2025-02-16,Park City,45
2025-02-23,Park City,25
2025-03-02,Park City,42
2025-03-09,Park City,34
2025-03-16,Park City,41
2025-03-23,Park City,36
2025-03-30,Park City,41
2025-04-06,Park City,36
2025-04-13,Park City,39
2025-04-20,Park City,24
2025-04-27,Park City,34
2025-05-04,Park City,46
2025-05-11,Park City,39
2025-05-18,Park City,33
2025-05-25,Park City,32
2025-06-01,Park City,38
2025-06-08,Park City,48
2025-06-15,Park City,51
2025-06-22,Park City,58
2025-06-29,Park City,43
2025-07-06,Park City,100
2025-07-13,Park City,75
2025-07-20,Park City,91
2025-07-27,Park City,79
2025-08-03,Park City,61
2025-08-10,Park City,48
2025-08-17,Park City,61
2025-08-24,Park City,29
2025-08-31,Park City,34
2025-09-07,Park City,26
2020-09-06,Promontory Park City ,0
2020-09-13,Promontory Park City ,0
2020-09-20,Promontory Park City ,0
2020-09-27,Promontory Park City ,0
2020-10-04,Promontory Park City ,0
2020-10-11,Promontory Park City ,0
2020-10-18,Promontory Park City ,0
2020-10-25,Promontory Park City ,0
2020-11-01,Promontory Park City ,0
2020-11-08,Promontory Park City ,0
2020-11-15,Promontory Park City ,0
2020-11-22,Promontory Park City ,0
2020-11-29,Promontory Park City ,0
2020-12-06,Promontory Park City ,0
2020-12-13,Promontory Park City ,0
2020-12-20,Promontory Park City ,0
2020-12-27,Promontory Park City ,0
2021-01-03,Promontory Park City ,0
2021-01-10,Promontory Park City ,0
2021-01-17,Promontory Park City ,0
2021-01-24,Promontory Park City ,0
2021-01-31,Promontory Park City ,0
2021-02-07,Promontory Park City ,0
2021-02-14,Promontory Park City ,0
2021-02-21,Promontory Park City ,0
2021-02-28,Promontory Park City ,0
2021-03-07,Promontory Park City ,0
2021-03-14,Promontory Park City ,0
2021-03-21,Promontory Park City ,0
2021-03-28,Promontory Park City ,0
2021-04-04,Promontory Park City ,0
2021-04-11,Promontory Park City ,0
2021-04-18,Promontory Park City ,0
2021-04-25,Promontory Park City ,0
2021-05-02,Promontory Park City ,0
2021-05-09,Promontory Park City ,0
2021-05-16,Promontory Park City ,0
2021-05-23,Promontory Park City ,0
2021-05-30,Promontory Park City ,0
2021-06-06,Promontory Park City ,0
2021-06-13,Promontory Park City ,0
2021-06-20,Promontory Park City ,0
2021-06-27,Promontory Park City ,0
2021-07-04,Promontory Park City ,0
2021-07-11,Promontory Park City ,0
2021-07-18,Promontory Park City ,0
2021-07-25,Promontory Park City ,0
2021-08-01,Promontory Park City ,0
2021-08-08,Promontory Park City ,0
2021-08-15,Promontory Park City ,0
2021-08-22,Promontory Park City ,0
2021-08-29,Promontory Park City ,0
2021-09-05,Promontory Park City ,0
2021-09-12,Promontory Park City ,0
2021-09-19,Promontory Park City ,0
2021-09-26,Promontory Park City ,0
2021-10-03,Promontory Park City ,0
2021-10-10,Promontory Park City ,0
2021-10-17,Promontory Park City ,0
2021-10-24,Promontory Park City ,0
2021-10-31,Promontory Park City ,0
2021-11-07,Promontory Park City ,0
2021-11-14,Promontory Park City ,0
2021-11-21,Promontory Park City ,0
2021-11-28,Promontory Park City ,0
2021-12-05,Promontory Park City ,0
2021-12-12,Promontory Park City ,0
2021-12-19,Promontory Park City ,0
2021-12-26,Promontory Park City ,0
2022-01-02,Promontory Park City ,0
2022-01-09,Promontory Park City ,0
2022-01-16,Promontory Park City ,0
2022-01-23,Promontory Park City ,0
2022-01-30,Promontory Park City ,0
2022-02-06,Promontory Park City ,0
2022-02-13,Promontory Park City ,0
2022-02-20,Promontory Park City ,0
2022-02-27,Promontory Park City ,0
2022-03-06,Promontory Park City ,0
2022-03-13,Promontory Park City ,0
2022-03-20,Promontory Park City ,0
2022-03-27,Promontory Park City ,0
2022-04-03,Promontory Park City ,0
2022-04-10,Promontory Park City ,0
2022-04-17,Promontory Park City ,0
2022-04-24,Promontory Park City ,0
2022-05-01,Promontory Park City ,0
2022-05-08,Promontory Park City ,0
2022-05-15,Promontory Park City ,0
2022-05-22,Promontory Park City ,0
2022-05-29,Promontory Park City ,0
2022-06-05,Promontory Park City ,0
2022-06-12,Promontory Park City ,0
2022-06-19,Promontory Park City ,0
2022-06-26,Promontory Park City ,0
2022-07-03,Promontory Park City ,0
2022-07-10,Promontory Park City ,0
2022-07-17,Promontory Park City ,0
2022-07-24,Promontory Park City ,0
2022-07-31,Promontory Park City ,0
2022-08-07,Promontory Park City ,0
2022-08-14,Promontory Park City ,0
2022-08-21,Promontory Park City ,0
2022-08-28,Promontory Park City ,0
2022-09-04,Promontory Park City ,0
2022-09-11,Promontory Park City ,0
2022-09-18,Promontory Park City ,0
2022-09-25,Promontory Park City ,0
2022-10-02,Promontory Park City ,0
2022-10-09,Promontory Park City ,0
2022-10-16,Promontory Park City ,0
2022-10-23,Promontory Park City ,0
2022-10-30,Promontory Park City ,0
2022-11-06,Promontory Park City ,0
2022-11-13,Promontory Park City ,0
2022-11-20,Promontory Park City ,0
2022-11-27,Promontory Park City ,0
2022-12-04,Promontory Park City ,0
2022-12-11,Promontory Park City ,0
2022-12-18,Promontory Park City ,0
2022-12-25,Promontory Park City ,0
2023-01-01,Promontory Park City ,0
2023-01-08,Promontory Park City ,0
2023-01-15,Promontory Park City ,0
2023-01-22,Promontory Park City ,0
2023-01-29,Promontory Park City ,0
2023-02-05,Promontory Park City ,0
2023-02-12,Promontory Park City ,0
2023-02-19,Promontory Park City ,0
2023-02-26,Promontory Park City ,0
2023-03-05,Promontory Park City ,0
2023-03-12,Promontory Park City ,0
2023-03-19,Promontory Park City ,0
2023-03-26,Promontory Park City ,0
2023-04-02,Promontory Park City ,0
2023-04-09,Promontory Park City ,0
2023-04-16,Promontory Park City ,0
2023-04-23,Promontory Park City ,0
2023-04-30,Promontory Park City ,0
2023-05-07,Promontory Park City ,0
2023-05-14,Promontory Park City ,0
2023-05-21,Promontory Park City ,0
2023-05-28,Promontory Park City ,0
2023-06-04,Promontory Park City ,0
2023-06-11,Promontory Park City ,0
2023-06-18,Promontory Park City ,0
2023-06-25,Promontory Park City ,0
2023-07-02,Promontory Park City ,0
2023-07-09,Promontory Park City ,0
2023-07-16,Promontory Park City ,0
2023-07-23,Promontory Park City ,0
2023-07-30,Promontory Park City ,0
2023-08-06,Promontory Park City ,0
2023-08-13,Promontory Park City ,0
2023-08-20,Promontory Park City ,0
2023-08-27,Promontory Park City ,0
2023-09-03,Promontory Park City ,0
2023-09-10,Promontory Park City ,0
2023-09-17,Promontory Park City ,0
2023-09-24,Promontory Park City ,0
2023-10-01,Promontory Park City ,0
2023-10-08,Promontory Park City ,0
2023-10-15,Promontory Park City ,0
2023-10-22,Promontory Park City ,0
2023-10-29,Promontory Park City ,0
2023-11-05,Promontory Park City ,0
2023-11-12,Promontory Park City ,0
2023-11-19,Promontory Park City ,0
2023-11-26,Promontory Park City ,0
2023-12-03,Promontory Park City ,0
2023-12-10,Promontory Park City ,0
2023-12-17,Promontory Park City ,0
2023-12-24,Promontory Park City ,0
2023-12-31,Promontory Park City ,0
2024-01-07,Promontory Park City ,0
2024-01-14,Promontory Park City ,0
2024-01-21,Promontory Park City ,0
2024-01-28,Promontory Park City ,0
2024-02-04,Promontory Park City ,0
2024-02-11,Promontory Park City ,0
2024-02-18,Promontory Park City ,0
2024-02-25,Promontory Park City ,0
2024-03-03,Promontory Park City ,0
2024-03-10,Promontory Park City ,0
2024-03-17,Promontory Park City ,0
2024-03-24,Promontory Park City ,0
2024-03-31,Promontory Park City ,0
2024-04-07,Promontory Park City ,0
2024-04-14,Promontory Park City ,0
2024-04-21,Promontory Park City ,0
2024-04-28,Promontory Park City ,0
2024-05-05,Promontory Park City ,0
2024-05-12,Promontory Park City ,0
2024-05-19,Promontory Park City ,0
2024-05-26,Promontory Park City ,0
2024-06-02,Promontory Park City ,0
2024-06-09,Promontory Park City ,0
2024-06-16,Promontory Park City ,0
2024-06-23,Promontory Park City ,0
2024-06-30,Promontory Park City ,0
2024-07-07,Promontory Park City ,0
2024-07-14,Promontory Park City ,0
2024-07-21,Promontory Park City ,0
2024-07-28,Promontory Park City ,0
2024-08-04,Promontory Park City ,0
2024-08-11,Promontory Park City ,0
2024-08-18,Promontory Park City ,0
2024-08-25,Promontory Park City ,0
2024-09-01,Promontory Park City ,0
2024-09-08,Promontory Park City ,0
2024-09-15,Promontory Park City ,0
2024-09-22,Promontory Park City ,0
2024-09-29,Promontory Park City ,0
2024-10-06,Promontory Park City ,0
2024-10-13,Promontory Park City ,0
2024-10-20,Promontory Park City ,0
2024-10-27,Promontory Park City ,0
2024-11-03,Promontory Park City ,0
2024-11-10,Promontory Park City ,0
2024-11-17,Promontory Park City ,0
2024-11-24,Promontory Park City ,0
2024-12-01,Promontory Park City ,0
2024-12-08,Promontory Park City ,0
2024-12-15,Promontory Park City ,0
2024-12-22,Promontory Park City ,0
2024-12-29,Promontory Park City ,0
2025-01-05,Promontory Park City ,0
2025-01-12,Promontory Park City ,0
2025-01-19,Promontory Park City ,0
2025-01-26,Promontory Park City ,0
2025-02-02,Promontory Park City ,0
2025-02-09,Promontory Park City ,0
2025-02-16,Promontory Park City ,0
2025-02-23,Promontory Park City ,0
2025-03-02,Promontory Park City ,0
2025-03-09,Promontory Park City ,0
2025-03-16,Promontory Park City ,0
2025-03-23,Promontory Park City ,0
2025-03-30,Promontory Park City ,0
2025-04-06,Promontory Park City ,0
2025-04-13,Promontory Park City ,0
2025-04-20,Promontory Park City ,0
2025-04-27,Promontory Park City ,0
2025-05-04,Promontory Park City ,0
2025-05-11,Promontory Park City ,0
2025-05-18,Promontory Park City ,0
2025-05-25,Promontory Park City ,0
2025-06-01,Promontory Park City ,0
2025-06-08,Promontory Park City ,0
2025-06-15,Promontory Park City ,0
2025-06-22,Promontory Park City ,0
2025-06-29,Promontory Park City ,0
2025-07-06,Promontory Park City ,0
2025-07-13,Promontory Park City ,100
2025-07-20,Promontory Park City ,0
2025-07-27,Promontory Park City ,0
2025-08-03,Promontory Park City ,0
2025-08-10,Promontory Park City ,0
2025-08-17,Promontory Park City ,0
2025-08-24,Promontory Park City ,0
2025-08-31,Promontory Park City ,0
2025-09-07,Promontory Park City ,0
2020-09-06,Red Ledges,63
2020-09-13,Red Ledges,0
2020-09-20,Red Ledges,76
2020-09-27,Red Ledges,0
2020-10-04,Red Ledges,0
2020-10-11,Red Ledges,0
2020-10-18,Red Ledges,0
2020-10-25,Red Ledges,0
2020-11-01,Red Ledges,0
2020-11-08,Red Ledges,0
2020-11-15,Red Ledges,0
2020-11-22,Red Ledges,0
2020-11-29,Red Ledges,0
2020-12-06,Red Ledges,0
2020-12-13,Red Ledges,0
2020-12-20,Red Ledges,0
2020-12-27,Red Ledges,0
2021-01-03,Red Ledges,0
2021-01-10,Red Ledges,0
2021-01-17,Red Ledges,0
2021-01-24,Red Ledges,0
2021-01-31,Red Ledges,0
2021-02-07,Red Ledges,0
2021-02-14,Red Ledges,0
2021-02-21,Red Ledges,0
2021-02-28,Red Ledges,0
2021-03-07,Red Ledges,0
2021-03-14,Red Ledges,0
2021-03-21,Red Ledges,0
2021-03-28,Red Ledges,0
2021-04-04,Red Ledges,0
2021-04-11,Red Ledges,0
2021-04-18,Red Ledges,0
2021-04-25,Red Ledges,0
2021-05-02,Red Ledges,0
2021-05-09,Red Ledges,0
2021-05-16,Red Ledges,0
2021-05-23,Red Ledges,0
2021-05-30,Red Ledges,0
2021-06-06,Red Ledges,0
2021-06-13,Red Ledges,80
2021-06-20,Red Ledges,0
2021-06-27,Red Ledges,0
2021-07-04,Red Ledges,0
2021-07-11,Red Ledges,0
2021-07-18,Red Ledges,0
2021-07-25,Red Ledges,0
2021-08-01,Red Ledges,0
2021-08-08,Red Ledges,0
2021-08-15,Red Ledges,0
2021-08-22,Red Ledges,0
2021-08-29,Red Ledges,0
2021-09-05,Red Ledges,0
2021-09-12,Red Ledges,0
2021-09-19,Red Ledges,78
2021-09-26,Red Ledges,0
2021-10-03,Red Ledges,0
2021-10-10,Red Ledges,0
2021-10-17,Red Ledges,0
2021-10-24,Red Ledges,0
2021-10-31,Red Ledges,0
2021-11-07,Red Ledges,0
2021-11-14,Red Ledges,0
2021-11-21,Red Ledges,0
2021-11-28,Red Ledges,0
2021-12-05,Red Ledges,0
2021-12-12,Red Ledges,0
2021-12-19,Red Ledges,0
2021-12-26,Red Ledges,0
2022-01-02,Red Ledges,0
2022-01-09,Red Ledges,0
2022-01-16,Red Ledges,0
2022-01-23,Red Ledges,0
2022-01-30,Red Ledges,0
2022-02-06,Red Ledges,0
2022-02-13,Red Ledges,0
2022-02-20,Red Ledges,0
2022-02-27,Red Ledges,0
2022-03-06,Red Ledges,0
2022-03-13,Red Ledges,0
2022-03-20,Red Ledges,71
2022-03-27,Red Ledges,62
2022-04-03,Red Ledges,0
2022-04-10,Red Ledges,0
2022-04-17,Red Ledges,0
2022-04-24,Red Ledges,0
2022-05-01,Red Ledges,0
2022-05-08,Red Ledges,0
2022-05-15,Red Ledges,0
2022-05-22,Red Ledges,0
2022-05-29,Red Ledges,0
2022-06-05,Red Ledges,92
2022-06-12,Red Ledges,0
2022-06-19,Red Ledges,97
2022-06-26,Red Ledges,0
2022-07-03,Red Ledges,0
2022-07-10,Red Ledges,0
2022-07-17,Red Ledges,71
2022-07-24,Red Ledges,0
2022-07-31,Red Ledges,0
2022-08-07,Red Ledges,0
2022-08-14,Red Ledges,0
2022-08-21,Red Ledges,0
2022-08-28,Red Ledges,0
2022-09-04,Red Ledges,0
2022-09-11,Red Ledges,0
2022-09-18,Red Ledges,73
2022-09-25,Red Ledges,0
2022-10-02,Red Ledges,0
2022-10-09,Red Ledges,0
2022-10-16,Red Ledges,0
2022-10-23,Red Ledges,0
2022-10-30,Red Ledges,0
2022-11-06,Red Ledges,0
2022-11-13,Red Ledges,0
2022-11-20,Red Ledges,0
2022-11-27,Red Ledges,0
2022-12-04,Red Ledges,0
2022-12-11,Red Ledges,0
2022-12-18,Red Ledges,0
2022-12-25,Red Ledges,0
2023-01-01,Red Ledges,0
2023-01-08,Red Ledges,0
2023-01-15,Red Ledges,66
2023-01-22,Red Ledges,0
2023-01-29,Red Ledges,0
2023-02-05,Red Ledges,0
2023-02-12,Red Ledges,0
2023-02-19,Red Ledges,0
2023-02-26,Red Ledges,0
2023-03-05,Red Ledges,75
2023-03-12,Red Ledges,0
2023-03-19,Red Ledges,80
2023-03-26,Red Ledges,0
2023-04-02,Red Ledges,0
2023-04-09,Red Ledges,0
2023-04-16,Red Ledges,0
2023-04-23,Red Ledges,0
2023-04-30,Red Ledges,0
2023-05-07,Red Ledges,70
2023-05-14,Red Ledges,96
2023-05-21,Red Ledges,0
2023-05-28,Red Ledges,0
2023-06-04,Red Ledges,0
2023-06-11,Red Ledges,0
2023-06-18,Red Ledges,0
2023-06-25,Red Ledges,0
2023-07-02,Red Ledges,0
2023-07-09,Red Ledges,0
2023-07-16,Red Ledges,0
2023-07-23,Red Ledges,0
2023-07-30,Red Ledges,0
2023-08-06,Red Ledges,0
2023-08-13,Red Ledges,0
2023-08-20,Red Ledges,0
2023-08-27,Red Ledges,0
2023-09-03,Red Ledges,0
2023-09-10,Red Ledges,0
2023-09-17,Red Ledges,0
2023-09-24,Red Ledges,0
2023-10-01,Red Ledges,0
2023-10-08,Red Ledges,0
2023-10-15,Red Ledges,0
2023-10-22,Red Ledges,0
2023-10-29,Red Ledges,0
2023-11-05,Red Ledges,0
2023-11-12,Red Ledges,0
2023-11-19,Red Ledges,0
2023-11-26,Red Ledges,0
2023-12-03,Red Ledges,0
2023-12-10,Red Ledges,0
2023-12-17,Red Ledges,0
2023-12-24,Red Ledges,0
2023-12-31,Red Ledges,0
2024-01-07,Red Ledges,0
2024-01-14,Red Ledges,0
2024-01-21,Red Ledges,0
2024-01-28,Red Ledges,0
2024-02-04,Red Ledges,0
2024-02-11,Red Ledges,0
2024-02-18,Red Ledges,0
2024-02-25,Red Ledges,0
2024-03-03,Red Ledges,0
2024-03-10,Red Ledges,0
2024-03-17,Red Ledges,0
2024-03-24,Red Ledges,0
2024-03-31,Red Ledges,0
2024-04-07,Red Ledges,0
2024-04-14,Red Ledges,0
2024-04-21,Red Ledges,0
2024-04-28,Red Ledges,0
2024-05-05,Red Ledges,0
2024-05-12,Red Ledges,0
2024-05-19,Red Ledges,0
2024-05-26,Red Ledges,0
2024-06-02,Red Ledges,83
2024-06-09,Red Ledges,0
2024-06-16,Red Ledges,0
2024-06-23,Red Ledges,0
2024-06-30,Red Ledges,0
2024-07-07,Red Ledges,0
2024-07-14,Red Ledges,0
2024-07-21,Red Ledges,0
2024-07-28,Red Ledges,0
2024-08-04,Red Ledges,0
2024-08-11,Red Ledges,0
2024-08-18,Red Ledges,77
2024-08-25,Red Ledges,0
2024-09-01,Red Ledges,0
2024-09-08,Red Ledges,0
2024-09-15,Red Ledges,0
2024-09-22,Red Ledges,0
2024-09-29,Red Ledges,0
2024-10-06,Red Ledges,0
2024-10-13,Red Ledges,0
2024-10-20,Red Ledges,0
2024-10-27,Red Ledges,0
2024-11-03,Red Ledges,0
2024-11-10,Red Ledges,0
2024-11-17,Red Ledges,0
2024-11-24,Red Ledges,0
2024-12-01,Red Ledges,0
2024-12-08,Red Ledges,0
2024-12-15,Red Ledges,0
2024-12-22,Red Ledges,0
2024-12-29,Red Ledges,0
2025-01-05,Red Ledges,0
2025-01-12,Red Ledges,0
2025-01-19,Red Ledges,0
2025-01-26,Red Ledges,0
2025-02-02,Red Ledges,0
2025-02-09,Red Ledges,0
2025-02-16,Red Ledges,0
2025-02-23,Red Ledges,0
2025-03-02,Red Ledges,0
2025-03-09,Red Ledges,0
2025-03-16,Red Ledges,0
2025-03-23,Red Ledges,0
2025-03-30,Red Ledges,0
2025-04-06,Red Ledges,0
2025-04-13,Red Ledges,0
2025-04-20,Red Ledges,0
2025-04-27,Red Ledges,0
2025-05-04,Red Ledges,0
2025-05-11,Red Ledges,0
2025-05-18,Red Ledges,0
2025-05-25,Red Ledges,0
2025-06-01,Red Ledges,100
2025-06-08,Red Ledges,0
2025-06-15,Red Ledges,0
2025-06-22,Red Ledges,0
2025-06-29,Red Ledges,0
2025-07-06,Red Ledges,0
2025-07-13,Red Ledges,0
2025-07-20,Red Ledges,86
2025-07-27,Red Ledges,0
2025-08-03,Red Ledges,0
2025-08-10,Red Ledges,0
2025-08-17,Red Ledges,0
2025-08-24,Red Ledges,38
2025-08-31,Red Ledges,34
2025-09-07,Red Ledges,22
2020-09-06,Ski in Ski Out Home for Sale,44
2020-09-13,Ski in Ski Out Home for Sale,23
2020-09-20,Ski in Ski Out Home for Sale,18
2020-09-27,Ski in Ski Out Home for Sale,23
2020-10-04,Ski in Ski Out Home for Sale,37
2020-10-11,Ski in Ski Out Home for Sale,0
2020-10-18,Ski in Ski Out Home for Sale,40
2020-10-25,Ski in Ski Out Home for Sale,0
2020-11-01,Ski in Ski Out Home for Sale,26
2020-11-08,Ski in Ski Out Home for Sale,25
2020-11-15,Ski in Ski Out Home for Sale,27
2020-11-22,Ski in Ski Out Home for Sale,21
2020-11-29,Ski in Ski Out Home for Sale,48
2020-12-06,Ski in Ski Out Home for Sale,37
2020-12-13,Ski in Ski Out Home for Sale,42
2020-12-20,Ski in Ski Out Home for Sale,39
2020-12-27,Ski in Ski Out Home for Sale,61
2021-01-03,Ski in Ski Out Home for Sale,54
2021-01-10,Ski in Ski Out Home for Sale,50
2021-01-17,Ski in Ski Out Home for Sale,50
2021-01-24,Ski in Ski Out Home for Sale,48
2021-01-31,Ski in Ski Out Home for Sale,52
2021-02-07,Ski in Ski Out Home for Sale,31
2021-02-14,Ski in Ski Out Home for Sale,42
2021-02-21,Ski in Ski Out Home for Sale,53
2021-02-28,Ski in Ski Out Home for Sale,35
2021-03-07,Ski in Ski Out Home for Sale,0
2021-03-14,Ski in Ski Out Home for Sale,0
2021-03-21,Ski in Ski Out Home for Sale,0
2021-03-28,Ski in Ski Out Home for Sale,0
2021-04-04,Ski in Ski Out Home for Sale,0
2021-04-11,Ski in Ski Out Home for Sale,0
2021-04-18,Ski in Ski Out Home for Sale,0
2021-04-25,Ski in Ski Out Home for Sale,0
2021-05-02,Ski in Ski Out Home for Sale,0
2021-05-09,Ski in Ski Out Home for Sale,0
2021-05-16,Ski in Ski Out Home for Sale,0
2021-05-23,Ski in Ski Out Home for Sale,0
2021-05-30,Ski in Ski Out Home for Sale,0
2021-06-06,Ski in Ski Out Home for Sale,0
2021-06-13,Ski in Ski Out Home for Sale,0
2021-06-20,Ski in Ski Out Home for Sale,0
2021-06-27,Ski in Ski Out Home for Sale,0
2021-07-04,Ski in Ski Out Home for Sale,0
2021-07-11,Ski in Ski Out Home for Sale,0
2021-07-18,Ski in Ski Out Home for Sale,0
2021-07-25,Ski in Ski Out Home for Sale,25
2021-08-01,Ski in Ski Out Home for Sale,0
2021-08-08,Ski in Ski Out Home for Sale,0
2021-08-15,Ski in Ski Out Home for Sale,24
2021-08-22,Ski in Ski Out Home for Sale,30
2021-08-29,Ski in Ski Out Home for Sale,20
2021-09-05,Ski in Ski Out Home for Sale,0
2021-09-12,Ski in Ski Out Home for Sale,30
2021-09-19,Ski in Ski Out Home for Sale,43
2021-09-26,Ski in Ski Out Home for Sale,32
2021-10-03,Ski in Ski Out Home for Sale,37
2021-10-10,Ski in Ski Out Home for Sale,58
2021-10-17,Ski in Ski Out Home for Sale,33
2021-10-24,Ski in Ski Out Home for Sale,34
2021-10-31,Ski in Ski Out Home for Sale,42
2021-11-07,Ski in Ski Out Home for Sale,41
2021-11-14,Ski in Ski Out Home for Sale,30
2021-11-21,Ski in Ski Out Home for Sale,35
2021-11-28,Ski in Ski Out Home for Sale,33
2021-12-05,Ski in Ski Out Home for Sale,37
2021-12-12,Ski in Ski Out Home for Sale,22
2021-12-19,Ski in Ski Out Home for Sale,34
2021-12-26,Ski in Ski Out Home for Sale,89
2022-01-02,Ski in Ski Out Home for Sale,100
2022-01-09,Ski in Ski Out Home for Sale,95
2022-01-16,Ski in Ski Out Home for Sale,72
2022-01-23,Ski in Ski Out Home for Sale,51
2022-01-30,Ski in Ski Out Home for Sale,44
2022-02-06,Ski in Ski Out Home for Sale,45
2022-02-13,Ski in Ski Out Home for Sale,41
2022-02-20,Ski in Ski Out Home for Sale,60
2022-02-27,Ski in Ski Out Home for Sale,26
2022-03-06,Ski in Ski Out Home for Sale,27
2022-03-13,Ski in Ski Out Home for Sale,29
2022-03-20,Ski in Ski Out Home for Sale,17
2022-03-27,Ski in Ski Out Home for Sale,20
2022-04-03,Ski in Ski Out Home for Sale,0
2022-04-10,Ski in Ski Out Home for Sale,0
2022-04-17,Ski in Ski Out Home for Sale,0
2022-04-24,Ski in Ski Out Home for Sale,0
2022-05-01,Ski in Ski Out Home for Sale,0
2022-05-08,Ski in Ski Out Home for Sale,0
2022-05-15,Ski in Ski Out Home for Sale,0
2022-05-22,Ski in Ski Out Home for Sale,0
2022-05-29,Ski in Ski Out Home for Sale,0
2022-06-05,Ski in Ski Out Home for Sale,0
2022-06-12,Ski in Ski Out Home for Sale,0
2022-06-19,Ski in Ski Out Home for Sale,0
2022-06-26,Ski in Ski Out Home for Sale,0
2022-07-03,Ski in Ski Out Home for Sale,0
2022-07-10,Ski in Ski Out Home for Sale,0
2022-07-17,Ski in Ski Out Home for Sale,22
2022-07-24,Ski in Ski Out Home for Sale,20
2022-07-31,Ski in Ski Out Home for Sale,25
2022-08-07,Ski in Ski Out Home for Sale,0
2022-08-14,Ski in Ski Out Home for Sale,20
2022-08-21,Ski in Ski Out Home for Sale,27
2022-08-28,Ski in Ski Out Home for Sale,27
2022-09-04,Ski in Ski Out Home for Sale,24
2022-09-11,Ski in Ski Out Home for Sale,0
2022-09-18,Ski in Ski Out Home for Sale,0
2022-09-25,Ski in Ski Out Home for Sale,29
2022-10-02,Ski in Ski Out Home for Sale,39
2022-10-09,Ski in Ski Out Home for Sale,0
2022-10-16,Ski in Ski Out Home for Sale,36
2022-10-23,Ski in Ski Out Home for Sale,23
2022-10-30,Ski in Ski Out Home for Sale,30
2022-11-06,Ski in Ski Out Home for Sale,24
2022-11-13,Ski in Ski Out Home for Sale,30
2022-11-20,Ski in Ski Out Home for Sale,38
2022-11-27,Ski in Ski Out Home for Sale,41
2022-12-04,Ski in Ski Out Home for Sale,53
2022-12-11,Ski in Ski Out Home for Sale,48
2022-12-18,Ski in Ski Out Home for Sale,43
2022-12-25,Ski in Ski Out Home for Sale,53
2023-01-01,Ski in Ski Out Home for Sale,79
2023-01-08,Ski in Ski Out Home for Sale,59
2023-01-15,Ski in Ski Out Home for Sale,61
2023-01-22,Ski in Ski Out Home for Sale,54
2023-01-29,Ski in Ski Out Home for Sale,42
2023-02-05,Ski in Ski Out Home for Sale,48
2023-02-12,Ski in Ski Out Home for Sale,24
2023-02-19,Ski in Ski Out Home for Sale,34
2023-02-26,Ski in Ski Out Home for Sale,21
2023-03-05,Ski in Ski Out Home for Sale,22
2023-03-12,Ski in Ski Out Home for Sale,19
2023-03-19,Ski in Ski Out Home for Sale,28
2023-03-26,Ski in Ski Out Home for Sale,0
2023-04-02,Ski in Ski Out Home for Sale,0
2023-04-09,Ski in Ski Out Home for Sale,0
2023-04-16,Ski in Ski Out Home for Sale,18
2023-04-23,Ski in Ski Out Home for Sale,0
2023-04-30,Ski in Ski Out Home for Sale,0
2023-05-07,Ski in Ski Out Home for Sale,0
2023-05-14,Ski in Ski Out Home for Sale,0
2023-05-21,Ski in Ski Out Home for Sale,0
2023-05-28,Ski in Ski Out Home for Sale,0
2023-06-04,Ski in Ski Out Home for Sale,0
2023-06-11,Ski in Ski Out Home for Sale,0
2023-06-18,Ski in Ski Out Home for Sale,0
2023-06-25,Ski in Ski Out Home for Sale,0
2023-07-02,Ski in Ski Out Home for Sale,27
2023-07-09,Ski in Ski Out Home for Sale,25
2023-07-16,Ski in Ski Out Home for Sale,0
2023-07-23,Ski in Ski Out Home for Sale,0
2023-07-30,Ski in Ski Out Home for Sale,0
2023-08-06,Ski in Ski Out Home for Sale,23
2023-08-13,Ski in Ski Out Home for Sale,28
2023-08-20,Ski in Ski Out Home for Sale,22
2023-08-27,Ski in Ski Out Home for Sale,25
2023-09-03,Ski in Ski Out Home for Sale,34
2023-09-10,Ski in Ski Out Home for Sale,25
2023-09-17,Ski in Ski Out Home for Sale,21
2023-09-24,Ski in Ski Out Home for Sale,24
2023-10-01,Ski in Ski Out Home for Sale,30
2023-10-08,Ski in Ski Out Home for Sale,46
2023-10-15,Ski in Ski Out Home for Sale,27
2023-10-22,Ski in Ski Out Home for Sale,27
2023-10-29,Ski in Ski Out Home for Sale,21
2023-11-05,Ski in Ski Out Home for Sale,35
2023-11-12,Ski in Ski Out Home for Sale,54
2023-11-19,Ski in Ski Out Home for Sale,43
2023-11-26,Ski in Ski Out Home for Sale,32
2023-12-03,Ski in Ski Out Home for Sale,35
2023-12-10,Ski in Ski Out Home for Sale,35
2023-12-17,Ski in Ski Out Home for Sale,47
2023-12-24,Ski in Ski Out Home for Sale,38
2023-12-31,Ski in Ski Out Home for Sale,66
2024-01-07,Ski in Ski Out Home for Sale,62
2024-01-14,Ski in Ski Out Home for Sale,66
2024-01-21,Ski in Ski Out Home for Sale,31
2024-01-28,Ski in Ski Out Home for Sale,41
2024-02-04,Ski in Ski Out Home for Sale,35
2024-02-11,Ski in Ski Out Home for Sale,42
2024-02-18,Ski in Ski Out Home for Sale,51
2024-02-25,Ski in Ski Out Home for Sale,27
2024-03-03,Ski in Ski Out Home for Sale,23
2024-03-10,Ski in Ski Out Home for Sale,39
2024-03-17,Ski in Ski Out Home for Sale,31
2024-03-24,Ski in Ski Out Home for Sale,26
2024-03-31,Ski in Ski Out Home for Sale,0
2024-04-07,Ski in Ski Out Home for Sale,19
2024-04-14,Ski in Ski Out Home for Sale,0
2024-04-21,Ski in Ski Out Home for Sale,0
2024-04-28,Ski in Ski Out Home for Sale,0
2024-05-05,Ski in Ski Out Home for Sale,0
2024-05-12,Ski in Ski Out Home for Sale,0
2024-05-19,Ski in Ski Out Home for Sale,0
2024-05-26,Ski in Ski Out Home for Sale,0
2024-06-02,Ski in Ski Out Home for Sale,0
2024-06-09,Ski in Ski Out Home for Sale,0
2024-06-16,Ski in Ski Out Home for Sale,0
2024-06-23,Ski in Ski Out Home for Sale,0
2024-06-30,Ski in Ski Out Home for Sale,23
2024-07-07,Ski in Ski Out Home for Sale,23
2024-07-14,Ski in Ski Out Home for Sale,0
2024-07-21,Ski in Ski Out Home for Sale,20
2024-07-28,Ski in Ski Out Home for Sale,20
2024-08-04,Ski in Ski Out Home for Sale,40
2024-08-11,Ski in Ski Out Home for Sale,0
2024-08-18,Ski in Ski Out Home for Sale,22
2024-08-25,Ski in Ski Out Home for Sale,0
2024-09-01,Ski in Ski Out Home for Sale,0
2024-09-08,Ski in Ski Out Home for Sale,20
2024-09-15,Ski in Ski Out Home for Sale,0
2024-09-22,Ski in Ski Out Home for Sale,53
2024-09-29,Ski in Ski Out Home for Sale,34
2024-10-06,Ski in Ski Out Home for Sale,40
2024-10-13,Ski in Ski Out Home for Sale,47
2024-10-20,Ski in Ski Out Home for Sale,26
2024-10-27,Ski in Ski Out Home for Sale,31
2024-11-03,Ski in Ski Out Home for Sale,30
2024-11-10,Ski in Ski Out Home for Sale,59
2024-11-17,Ski in Ski Out Home for Sale,51
2024-11-24,Ski in Ski Out Home for Sale,46
2024-12-01,Ski in Ski Out Home for Sale,32
2024-12-08,Ski in Ski Out Home for Sale,44
2024-12-15,Ski in Ski Out Home for Sale,46
2024-12-22,Ski in Ski Out Home for Sale,61
2024-12-29,Ski in Ski Out Home for Sale,46
2025-01-05,Ski in Ski Out Home for Sale,55
2025-01-12,Ski in Ski Out Home for Sale,48
2025-01-19,Ski in Ski Out Home for Sale,53
2025-01-26,Ski in Ski Out Home for Sale,24
2025-02-02,Ski in Ski Out Home for Sale,36
2025-02-09,Ski in Ski Out Home for Sale,22
2025-02-16,Ski in Ski Out Home for Sale,33
2025-02-23,Ski in Ski Out Home for Sale,27
2025-03-02,Ski in Ski Out Home for Sale,32
2025-03-09,Ski in Ski Out Home for Sale,28
2025-03-16,Ski in Ski Out Home for Sale,31
2025-03-23,Ski in Ski Out Home for Sale,21
2025-03-30,Ski in Ski Out Home for Sale,0
2025-04-06,Ski in Ski Out Home for Sale,0
2025-04-13,Ski in Ski Out Home for Sale,0
2025-04-20,Ski in Ski Out Home for Sale,0
2025-04-27,Ski in Ski Out Home for Sale,0
2025-05-04,Ski in Ski Out Home for Sale,22
2025-05-11,Ski in Ski Out Home for Sale,0
2025-05-18,Ski in Ski Out Home for Sale,0
2025-05-25,Ski in Ski Out Home for Sale,0
2025-06-01,Ski in Ski Out Home for Sale,26
2025-06-08,Ski in Ski Out Home for Sale,0
2025-06-15,Ski in Ski Out Home for Sale,0
2025-06-22,Ski in Ski Out Home for Sale,20
2025-06-29,Ski in Ski Out Home for Sale,34
2025-07-06,Ski in Ski Out Home for Sale,30
2025-07-13,Ski in Ski Out Home for Sale,0
2025-07-20,Ski in Ski Out Home for Sale,27
2025-07-27,Ski in Ski Out Home for Sale,0
2025-08-03,Ski in Ski Out Home for Sale,0
2025-08-10,Ski in Ski Out Home for Sale,27
2025-08-17,Ski in Ski Out Home for Sale,30
2025-08-24,Ski in Ski Out Home for Sale,22
2025-08-31,Ski in Ski Out Home for Sale,31
2025-09-07,Ski in Ski Out Home for Sale,16
2020-09-06,Victory Ranch,50
2020-09-13,Victory Ranch,70
2020-09-20,Victory Ranch,33
2020-09-27,Victory Ranch,57
2020-10-04,Victory Ranch,65
2020-10-11,Victory Ranch,42
2020-10-18,Victory Ranch,47
2020-10-25,Victory Ranch,31
2020-11-01,Victory Ranch,38
2020-11-08,Victory Ranch,42
2020-11-15,Victory Ranch,46
2020-11-22,Victory Ranch,34
2020-11-29,Victory Ranch,24
2020-12-06,Victory Ranch,49
2020-12-13,Victory Ranch,38
2020-12-20,Victory Ranch,36
2020-12-27,Victory Ranch,43
2021-01-03,Victory Ranch,38
2021-01-10,Victory Ranch,33
2021-01-17,Victory Ranch,40
2021-01-24,Victory Ranch,44
2021-01-31,Victory Ranch,53
2021-02-07,Victory Ranch,49
2021-02-14,Victory Ranch,45
2021-02-21,Victory Ranch,27
2021-02-28,Victory Ranch,53
2021-03-07,Victory Ranch,34
2021-03-14,Victory Ranch,47
2021-03-21,Victory Ranch,51
2021-03-28,Victory Ranch,47
2021-04-04,Victory Ranch,69
2021-04-11,Victory Ranch,35
2021-04-18,Victory Ranch,38
2021-04-25,Victory Ranch,40
2021-05-02,Victory Ranch,40
2021-05-09,Victory Ranch,43
2021-05-16,Victory Ranch,43
2021-05-23,Victory Ranch,36
2021-05-30,Victory Ranch,58
2021-06-06,Victory Ranch,66
2021-06-13,Victory Ranch,80
2021-06-20,Victory Ranch,50
2021-06-27,Victory Ranch,79
2021-07-04,Victory Ranch,77
2021-07-11,Victory Ranch,66
2021-07-18,Victory Ranch,82
2021-07-25,Victory Ranch,55
2021-08-01,Victory Ranch,62
2021-08-08,Victory Ranch,55
2021-08-15,Victory Ranch,63
2021-08-22,Victory Ranch,47
2021-08-29,Victory Ranch,45
2021-09-05,Victory Ranch,53
2021-09-12,Victory Ranch,49
2021-09-19,Victory Ranch,30
2021-09-26,Victory Ranch,48
2021-10-03,Victory Ranch,42
2021-10-10,Victory Ranch,57
2021-10-17,Victory Ranch,31
2021-10-24,Victory Ranch,29
2021-10-31,Victory Ranch,58
2021-11-07,Victory Ranch,32
2021-11-14,Victory Ranch,28
2021-11-21,Victory Ranch,40
2021-11-28,Victory Ranch,25
2021-12-05,Victory Ranch,34
2021-12-12,Victory Ranch,0
2021-12-19,Victory Ranch,46
2021-12-26,Victory Ranch,46
2022-01-02,Victory Ranch,37
2022-01-09,Victory Ranch,60
2022-01-16,Victory Ranch,57
2022-01-23,Victory Ranch,30
2022-01-30,Victory Ranch,52
2022-02-06,Victory Ranch,40
2022-02-13,Victory Ranch,59
2022-02-20,Victory Ranch,64
2022-02-27,Victory Ranch,54
2022-03-06,Victory Ranch,64
2022-03-13,Victory Ranch,28
2022-03-20,Victory Ranch,38
2022-03-27,Victory Ranch,55
2022-04-03,Victory Ranch,65
2022-04-10,Victory Ranch,57
2022-04-17,Victory Ranch,44
2022-04-24,Victory Ranch,44
2022-05-01,Victory Ranch,41
2022-05-08,Victory Ranch,59
2022-05-15,Victory Ranch,58
2022-05-22,Victory Ranch,60
2022-05-29,Victory Ranch,51
2022-06-05,Victory Ranch,69
2022-06-12,Victory Ranch,68
2022-06-19,Victory Ranch,56
2022-06-26,Victory Ranch,81
2022-07-03,Victory Ranch,77
2022-07-10,Victory Ranch,71
2022-07-17,Victory Ranch,82
2022-07-24,Victory Ranch,45
2022-07-31,Victory Ranch,64
2022-08-07,Victory Ranch,63
2022-08-14,Victory Ranch,62
2022-08-21,Victory Ranch,56
2022-08-28,Victory Ranch,64
2022-09-04,Victory Ranch,54
2022-09-11,Victory Ranch,51
2022-09-18,Victory Ranch,54
2022-09-25,Victory Ranch,45
2022-10-02,Victory Ranch,57
2022-10-09,Victory Ranch,61
2022-10-16,Victory Ranch,40
2022-10-23,Victory Ranch,36
2022-10-30,Victory Ranch,26
2022-11-06,Victory Ranch,36
2022-11-13,Victory Ranch,28
2022-11-20,Victory Ranch,27
2022-11-27,Victory Ranch,31
2022-12-04,Victory Ranch,27
2022-12-11,Victory Ranch,31
2022-12-18,Victory Ranch,40
2022-12-25,Victory Ranch,56
2023-01-01,Victory Ranch,53
2023-01-08,Victory Ranch,68
2023-01-15,Victory Ranch,51
2023-01-22,Victory Ranch,36
2023-01-29,Victory Ranch,33
2023-02-05,Victory Ranch,28
2023-02-12,Victory Ranch,45
2023-02-19,Victory Ranch,54
2023-02-26,Victory Ranch,54
2023-03-05,Victory Ranch,38
2023-03-12,Victory Ranch,35
2023-03-19,Victory Ranch,61
2023-03-26,Victory Ranch,58
2023-04-02,Victory Ranch,44
2023-04-09,Victory Ranch,50
2023-04-16,Victory Ranch,43
2023-04-23,Victory Ranch,29
2023-04-30,Victory Ranch,48
2023-05-07,Victory Ranch,72
2023-05-14,Victory Ranch,64
2023-05-21,Victory Ranch,38
2023-05-28,Victory Ranch,58
2023-06-04,Victory Ranch,51
2023-06-11,Victory Ranch,54
2023-06-18,Victory Ranch,53
2023-06-25,Victory Ranch,76
2023-07-02,Victory Ranch,59
2023-07-09,Victory Ranch,60
2023-07-16,Victory Ranch,55
2023-07-23,Victory Ranch,42
2023-07-30,Victory Ranch,54
2023-08-06,Victory Ranch,63
2023-08-13,Victory Ranch,94
2023-08-20,Victory Ranch,45
2023-08-27,Victory Ranch,36
2023-09-03,Victory Ranch,50
2023-09-10,Victory Ranch,56
2023-09-17,Victory Ranch,42
2023-09-24,Victory Ranch,52
2023-10-01,Victory Ranch,28
2023-10-08,Victory Ranch,39
2023-10-15,Victory Ranch,44
2023-10-22,Victory Ranch,29
2023-10-29,Victory Ranch,28
2023-11-05,Victory Ranch,24
2023-11-12,Victory Ranch,45
2023-11-19,Victory Ranch,38
2023-11-26,Victory Ranch,48
2023-12-03,Victory Ranch,22
2023-12-10,Victory Ranch,43
2023-12-17,Victory Ranch,36
2023-12-24,Victory Ranch,25
2023-12-31,Victory Ranch,33
2024-01-07,Victory Ranch,51
2024-01-14,Victory Ranch,53
2024-01-21,Victory Ranch,42
2024-01-28,Victory Ranch,53
2024-02-04,Victory Ranch,55
2024-02-11,Victory Ranch,62
2024-02-18,Victory Ranch,67
2024-02-25,Victory Ranch,44
2024-03-03,Victory Ranch,61
2024-03-10,Victory Ranch,50
2024-03-17,Victory Ranch,58
2024-03-24,Victory Ranch,26
2024-03-31,Victory Ranch,0
2024-04-07,Victory Ranch,35
2024-04-14,Victory Ranch,54
2024-04-21,Victory Ranch,44
2024-04-28,Victory Ranch,24
2024-05-05,Victory Ranch,56
2024-05-12,Victory Ranch,52
2024-05-19,Victory Ranch,39
2024-05-26,Victory Ranch,64
2024-06-02,Victory Ranch,69
2024-06-09,Victory Ranch,60
2024-06-16,Victory Ranch,63
2024-06-23,Victory Ranch,49
2024-06-30,Victory Ranch,72
2024-07-07,Victory Ranch,100
2024-07-14,Victory Ranch,63
2024-07-21,Victory Ranch,53
2024-07-28,Victory Ranch,69
2024-08-04,Victory Ranch,46
2024-08-11,Victory Ranch,71
2024-08-18,Victory Ranch,53
2024-08-25,Victory Ranch,45
2024-09-01,Victory Ranch,65
2024-09-08,Victory Ranch,45
2024-09-15,Victory Ranch,52
2024-09-22,Victory Ranch,55
2024-09-29,Victory Ranch,36
2024-10-06,Victory Ranch,37
2024-10-13,Victory Ranch,61
2024-10-20,Victory Ranch,36
2024-10-27,Victory Ranch,25
2024-11-03,Victory Ranch,36
2024-11-10,Victory Ranch,39
2024-11-17,Victory Ranch,38
2024-11-24,Victory Ranch,37
2024-12-01,Victory Ranch,36
2024-12-08,Victory Ranch,33
2024-12-15,Victory Ranch,40
2024-12-22,Victory Ranch,30
2024-12-29,Victory Ranch,53
2025-01-05,Victory Ranch,39
2025-01-12,Victory Ranch,56
2025-01-19,Victory Ranch,45
2025-01-26,Victory Ranch,36
2025-02-02,Victory Ranch,53
2025-02-09,Victory Ranch,48
2025-02-16,Victory Ranch,54
2025-02-23,Victory Ranch,39
2025-03-02,Victory Ranch,38
2025-03-09,Victory Ranch,46
2025-03-16,Victory Ranch,39
2025-03-23,Victory Ranch,57
2025-03-30,Victory Ranch,56
2025-04-06,Victory Ranch,48
2025-04-13,Victory Ranch,27
2025-04-20,Victory Ranch,33
2025-04-27,Victory Ranch,48
2025-05-04,Victory Ranch,63
2025-05-11,Victory Ranch,68
2025-05-18,Victory Ranch,70
2025-05-25,Victory Ranch,68
2025-06-01,Victory Ranch,76
2025-06-08,Victory Ranch,71
2025-06-15,Victory Ranch,66
2025-06-22,Victory Ranch,87
2025-06-29,Victory Ranch,74
2025-07-06,Victory Ranch,64
2025-07-13,Victory Ranch,60
2025-07-20,Victory Ranch,73
2025-07-27,Victory Ranch,58
2025-08-03,Victory Ranch,75
2025-08-10,Victory Ranch,70
2025-08-17,Victory Ranch,38
2025-08-24,Victory Ranch,44
2025-08-31,Victory Ranch,50
2025-09-07,Victory Ranch,40
